,Recipe_name,Protein,Carbs,Fat
0,Spiked Vegan Eggnog,46.36 g,84.52 g,42.61 g
1,Vegan Cucumber Tea Sandwiches,41.73 g,143.91 g,73.88 g
2,Vegan Broccoli Soup Recipe,103.83 g,82.54 g,139.3 g
3,Baked Vegan Mac and Cheese Recipe,140.19 g,524.38 g,221.29 g
4,Vegan Nachos,73.05 g,266.38 g,166.64 g
5,The Best Vegan Breakfast Sandwich,143.13 g,208.42 g,189.86 g
6,{Vegan} Peanut Butter & Honey Muffins recipes,29.53 g,168.46 g,59.83 g
7,Vegan Pots de Crème,45.25 g,106.45 g,98.01 g
8,Vegan tiffin,60.38 g,272.18 g,287.22 g
9,Vegan Stovetop Lasagna,124.77 g,512.21 g,147.15 g
10,Vegan Italian Cold Cut Sandwich,54.22 g,143.1 g,81.73 g
11,Vegan Chocolate Pie,71.19 g,428.01 g,248.98 g
12,Vegan Mushroom Tea Sandwiches,36.74 g,127.18 g,60.04 g
13,Vegan Chicken Nuggets,119.69 g,80.59 g,33.4 g
14,Creamy Vegan Butternut Squash Mac And Cheese,132.14 g,453.36 g,72.61 g
15,Vegan Candied Almonds,120.98 g,530.66 g,289.27 g
16,Vegan Cinnamon Rolls Recipe,62.84 g,884.18 g,321.47 g
17,"Classic American Fare, Now In Vegan! recipes",103.83 g,82.54 g,139.3 g
18,Simple Vegan Tofu Lasagna,129.45 g,317.99 g,86.68 g
19,Vegan Stroganoff recipes,52.69 g,40.66 g,37.09 g
20,Vegan Meatballs,61.47 g,269.97 g,68.85 g
21,Vegan Pie Crust,14.53 g,107.31 g,78.16 g
22,Vegan Sesame Strugglaire’s Shortbread,55.94 g,468.46 g,400.53 g
23,Vegan Chocolate Frosting recipes,33.03 g,663.3 g,541.54 g
24,Vegan Lasagna,144.17 g,284.74 g,54.78 g
25,"The Best ""Beefy"" Vegan Burgers",86.16 g,548.23 g,129.69 g
26,Vegan Chocolate Peanut Butter Cups recipes,66.4 g,239.64 g,284.24 g
27,Vegan Pumpkin Pie,42.83 g,344.63 g,121.93 g
28,Vegan Scallops,31.9 g,66.68 g,13.49 g
29,Vegan Caesar Salad Dressing,28.01 g,37.29 g,67.87 g
30,Vegan (Or Not) Peach Creamsicle Sherbet,55.03 g,439.96 g,52.51 g
31,Vegan pizza Margherita,113.8 g,391.09 g,97.24 g
32,Vegan Classic Cheesecake,105.08 g,635.06 g,243.29 g
33,Vegan Chocolate-Dipped Frozen Banana Bites,29.04 g,178.5 g,73.99 g
34,Vegan brownies,56.1 g,486.28 g,195.65 g
35,Vegan Spinach and Mushroom Lasagna,161.61 g,304.45 g,175.45 g
36,Vegan Pumpkin Pull-Apart Loaf,55.62 g,662.7 g,93.64 g
37,Vegan Potato Salad,20.77 g,129.36 g,26.85 g
38,Vegan white pizza,74.83 g,374.84 g,36.75 g
39,Vegan Macaroni Salad,42.07 g,170.89 g,42.08 g
40,Asparagus and Arugula Pizza with Vegan Pesto,24.25 g,80.63 g,40.53 g
41,Vegan Eton mess,46.27 g,297.82 g,26.19 g
42,Vegan Cornbread Stuffing,64.42 g,421.16 g,91.7 g
43,Vegan potato salad,21.37 g,121.44 g,48.19 g
44,Vegan French Onion Dip,57.38 g,134.68 g,188.77 g
45,Vegan Jambalaya,49.54 g,220.02 g,59.7 g
46,Vegan Meyer Lemon Poppyseed Shortbread,37.78 g,425.18 g,271.62 g
47,Vegan bolognese,80.8 g,335.2 g,27.94 g
48,Vegan Creamy Coleslaw,6.76 g,40.99 g,68.13 g
49,Vegan chocolate ice cream,34.96 g,284.85 g,220.65 g
50,Vegan Ginger Sticky Date Pudding & Cardamom Toffee,43.95 g,859.11 g,287.58 g
51,‘Cheesy’ vegan scones,68.49 g,279.16 g,49.72 g
52,Vegan Mushroom Stroganoff,50.67 g,221.8 g,68.92 g
53,Vegan Fig Galette,52.72 g,880.99 g,346.35 g
54,Vegan fry-up,100.27 g,167.06 g,279.46 g
55,Traditional Vegan Caesar Salad,46.34 g,126.68 g,66.66 g
56,Vegan Mushroom Bolognese,57.26 g,229.43 g,36.96 g
57,Vegan White Peach Mug Cobbler With Cardamom,5.51 g,70.81 g,16.13 g
58,Easy vegan tacos,26.13 g,153.72 g,15.67 g
59,Gluten-Free Walnut & Portobello Mushroom Vegan Burgers,34.55 g,97.14 g,30.74 g
60,Vegan Cauliflower Alfredo Bake,114.36 g,389.31 g,28.11 g
61,Zesty Italian Vegan Meatballs,55.19 g,100.02 g,66.46 g
62,Vegan lasagne,169.83 g,604.54 g,100.68 g
63,Gluten-Free Walnut & Portobello Mushroom Vegan Burgers,37.37 g,99.68 g,42.81 g
64,Carrot Cake With Vegan Cream Cheese Frosting,74.47 g,1032.32 g,465.91 g
65,Vegan Pizza,35.92 g,223.73 g,71.83 g
66,Vegan moussaka,129.49 g,548.31 g,119.91 g
67,Vegan Sushi Burger,24.23 g,198.01 g,32.0 g
68,Vegan Brownies recipes,35.2 g,405.49 g,129.47 g
69,Beefless Vegan Tacos,57.67 g,132.69 g,72.92 g
70,Vegan Chocolate and Raspberry Panna Cotta,33.99 g,158.29 g,73.24 g
71,Vegan Pav-Bhaji,17.71 g,99.41 g,32.22 g
72,Vegan toffee apple upside-down cake,33.97 g,422.06 g,151.76 g
73,Vegan BLATs (BLTs with Avocado),41.62 g,119.38 g,71.62 g
74,Vegan rhubarb & custard bake,39.49 g,531.36 g,211.22 g
75,Vegan Pasta Pie,71.56 g,310.5 g,39.6 g
76,Vegan Eggplant Parmesan,53.02 g,221.99 g,68.26 g
77,Vegan Creme Brulee Buttermilk Cupcakes,41.75 g,1133.7 g,415.07 g
78,Bean and Potato Vegan Enchiladas recipes,65.85 g,324.88 g,152.74 g
79,Vegan Blueberry Pie,27.46 g,448.09 g,131.15 g
80,Cinnamon Sugar Vegan Donuts,14.41 g,411.22 g,64.83 g
81,Vegan pie,102.33 g,552.11 g,240.21 g
82,The best gluten-free vegan pesto pasta,227.6 g,502.31 g,462.82 g
83,Spicy Thai Vegan Burger,80.51 g,190.71 g,52.97 g
84,Vegan Kale And Leek Bake recipes,40.32 g,217.22 g,141.53 g
85,Vegan Quinoa Lentil Curry Burger,40.15 g,136.6 g,18.22 g
86,Vegan Chocolate Cheesecake,107.55 g,859.49 g,382.54 g
87,Vegan Cauliflower Buffalo Wings,52.39 g,263.63 g,47.66 g
88,Vegan Mac and Cheese recipes,166.81 g,444.38 g,25.66 g
89,Vegan Shepherd's Pie,106.76 g,425.81 g,101.91 g
90,Vegan Lemon Vanilla Cupcakes with Lemon Buttercream Frosting,27.77 g,619.26 g,207.28 g
91,Vegan Chocolate Cheesecake,98.03 g,714.56 g,314.5 g
92,Spicy Thai Vegan Burger,80.51 g,190.71 g,52.97 g
93,Vegan Sweet Potato Biscuits,54.63 g,448.19 g,138.11 g
94,Vegan Banana Chocolate Chip Muffins,36.93 g,418.54 g,106.0 g
95,Vegan Thai green curry,43.56 g,247.53 g,57.67 g
96,Vegan Black Bean Burgers,70.79 g,256.3 g,113.3 g
97,Vegan Cream Of Broccoli Soup,75.06 g,161.94 g,111.21 g
98,Vegan Lentil Burgers,84.93 g,331.31 g,43.1 g
99,Vegan Sweet Potato & Pear Soup,11.66 g,164.77 g,28.96 g
100,Classic Vegan Date Bars,70.29 g,1101.77 g,331.04 g
101,Gluten-Free Vegan Creole Jalapeno Hush Puppies,37.11 g,384.44 g,135.66 g
102,Vegan Cream Of Mushroom Soup With Not So Vegan Herb Bread,71.33 g,222.41 g,121.53 g
103,Ian's Vegan Chili,155.27 g,571.66 g,106.53 g
104,EASY VEGAN COCONUT CURRY NOODLE BOWLS,24.54 g,181.37 g,107.56 g
105,"Vegan ""B.L.A.T.""s: Lettuce, Tomato, Avocado, and Crispy Smoked Mushroom Sandwiches Recipe",20.82 g,77.06 g,45.26 g
106,Vegan Chickpea Crab Cakes,81.59 g,304.48 g,221.1 g
107,No-churn Vegan Peanut Butter Chocolate Chip Ice Cream recipes,95.88 g,416.83 g,477.74 g
108,Fully Loaded Vegan Baked Potato Soup Recipe,59.15 g,222.48 g,150.25 g
109,"Vegan Sausage, Kale and Cauliflower Potpie",149.81 g,395.9 g,150.42 g
110,Vegan Misir Wot Pierogi,168.87 g,870.67 g,50.77 g
111,You Won't Believe it's Vegan Pumpkin Pie,36.0 g,304.6 g,92.59 g
112,Vegan Lasagna alla Bolognese Recipe,72.92 g,373.65 g,54.98 g
113,Vegan and Gluten-Free Fruit and Almond Shortbread Bars,31.11 g,463.9 g,275.34 g
114,Vegan Spiced Pumpkin Pie Glo Bites,38.34 g,243.38 g,68.53 g
115,Black-Bottom Peanut Butter Freezer Pie,94.34 g,522.29 g,354.72 g
116,Vegan Shepherd's Pie,98.26 g,498.68 g,200.96 g
117,Vegan Italian Roasted Eggplant Bisque,22.05 g,79.91 g,36.02 g
118,"Bacon Ranch Salad, Now In Vegan Form!",37.9 g,51.12 g,156.63 g
119,Chef Chloe's Best-Ever Vegan Baked Macaroni and Cheese,133.22 g,511.08 g,63.01 g
120,GRAIN FREE + VEGAN LIME PIE BARS,24.81 g,143.11 g,186.7 g
121,Vegan Cream of Mushroom Soup With Crispy Shiitake Chips Recipe,38.03 g,122.84 g,130.18 g
122,Chocolate Chip Cake with Buttercream Icing (Vegan),50.97 g,1002.35 g,676.53 g
123,Mushroom and Pea Tart (vegan friendly),73.9 g,378.91 g,130.61 g
124,Can't-Believe-It's-Vegan Chili,214.61 g,484.66 g,105.34 g
125,This Ain’t Grandma’s Sweet Potato Casserole (Vegan) recipes,26.46 g,323.89 g,132.46 g
126,Tomato and basil bruschetta (for vegans and non vegans alike),25.17 g,97.93 g,57.09 g
127,Heirloom Tomato BLTs recipes,259.09 g,789.39 g,168.65 g
128,"Instant Pot Buffalo Sweet Potato Soup {Vegan, Whole30, Paleo, Gluten-Free}",14.26 g,79.07 g,109.53 g
129,Itty Bitty Herbed Garlic Pumpkin Knots With Vegan Parmesan Cheese,23.25 g,124.6 g,45.81 g
130,Vegan Chocolate-Covered Digestive Biscuits Recipe,37.68 g,313.69 g,226.63 g
131,Vegan Slow-Cooker Sweet Potato Chili,65.82 g,224.74 g,32.78 g
132,Vegan Chickpea Cakes with Mashed Avocado Recipe,74.62 g,351.32 g,160.23 g
133,Classic Vegan Gumbo,122.54 g,442.68 g,229.02 g
134,Vegan Spinach and Artichoke Dip Recipe,66.61 g,157.17 g,89.84 g
135,Vegan Black Bean and Squash Chili Recipe,97.48 g,229.27 g,101.69 g
136,Gluten Free Vegan Fudgy Black Bean Brownies Recipe,40.59 g,314.63 g,95.06 g
137,"Easy Cucumber Noodles with a Vegan Basil Cream, Tomatoes and Pine Nuts recipes",46.69 g,165.17 g,170.8 g
138,Vegan Chocolate Cake and Frosting recipes,76.8 g,1295.31 g,756.82 g
139,Vegan katsu curry,79.46 g,265.89 g,116.58 g
140,"Super Healthy, But Doesn’t Taste It Vegan Banana Bread",38.31 g,441.56 g,109.48 g
141,Mexican Hot Chocolate Cupcakes with Whipped Cream (vegan),38.34 g,330.17 g,174.65 g
142,Vegan Egg Salad Sandwich recipes,74.95 g,102.31 g,85.59 g
143,Vegan Chocolate Tart With Salted Oat Crust,61.46 g,529.8 g,330.19 g
144,Smoky Tomato & Garlic Spelt Risotto with Crumbled Vegan Feta,66.35 g,290.35 g,116.51 g
145,Vegan Chocolate Tart with Salted Oat Crust recipes,61.46 g,529.8 g,330.19 g
146,Wholegrain Pitta with Tomatoes and Pesto,6.98 g,31.38 g,12.07 g
147,The Best Vegan Baked Mac & Cheese Recipe,83.66 g,441.39 g,81.04 g
148,Try This Vegan Recipe For Stuffed Mushroom Burgers recipes,99.49 g,616.7 g,137.2 g
149,Grits Cheesecake,65.26 g,514.5 g,240.49 g
150,"Vegan, Gluten-Free Double Chocolate Muffins",44.62 g,454.71 g,320.21 g
151,Gluten-Free Sweet Potato Cardamom Macadamia Brownies,22.67 g,234.49 g,171.88 g
152,Lime Cheesecake,56.74 g,279.19 g,145.24 g
153,Crowd-Pleasing Vegan Caesar Salad recipes,87.84 g,199.83 g,121.3 g
154,Crowd-Pleasing Vegan Caesar Salad recipes,88.56 g,202.18 g,124.26 g
155,Vegan Frosting,1.45 g,0.1 g,301.59 g
156,Beluga Lentil Caviar on Blini,49.59 g,180.15 g,91.1 g
157,Chocolate-Covered Matzo Bark,30.6 g,270.36 g,103.89 g
158,Vegan pesto,25.51 g,22.8 g,172.61 g
159,Hadley’s Vegan Apple Spice Muffins With Oatmeal Streusel Topping,43.71 g,505.55 g,89.84 g
160,Matcha Green Tea Ice Cream Sandwich with Vegan Ginger Molasses Cookies Recipe,92.89 g,1079.21 g,330.99 g
161,Carrot & caraway crackers,19.35 g,185.39 g,46.89 g
162,Chocolate Walnut Bites Recipe,70.47 g,524.05 g,165.8 g
163,Vegan Queso,43.24 g,61.71 g,62.75 g
164,Vegan Root Beer Coconut Ice Cream,12.15 g,177.57 g,91.47 g
165,Vegan Meringues,29.98 g,240.24 g,11.78 g
166,Vegan Pesto,15.28 g,24.1 g,75.12 g
167,Vegan burritos,135.16 g,595.7 g,98.97 g
168,Vegan Masa,99.13 g,891.96 g,223.08 g
169,Vegan fajitas,42.5 g,182.74 g,52.72 g
170,Vegan nuggets,91.67 g,262.84 g,45.06 g
171,Vegan meatballs,55.2 g,233.31 g,79.82 g
172,Vegan Dumplings,8.71 g,102.45 g,18.76 g
173,Barbecue Pulled Jackfruit Sandwiches,27.91 g,406.7 g,94.66 g
174,Vegan Queso,54.39 g,74.21 g,73.09 g
175,Vegan Lasagna,101.15 g,272.84 g,66.63 g
176,Vegan Sushi,31.81 g,295.6 g,11.96 g
177,Vegan Kimchi,104.24 g,539.25 g,14.78 g
178,Classic Cinnamon Rolls recipes,81.33 g,788.44 g,176.4 g
179,Vegan Meatballs,55.47 g,198.88 g,69.92 g
180,Vegan Gyoza,198.89 g,851.59 g,80.86 g
181,Fancy Green Beans,9.51 g,33.92 g,11.36 g
182,Raw Chocolate Mousse recipes,55.3 g,385.05 g,192.81 g
183,Vegan Gravy,16.42 g,50.17 g,27.99 g
184,Hummus Tartine with Sprouts recipes,8.37 g,34.76 g,18.01 g
185,Vegan Mayonnaise,22.97 g,25.13 g,106.85 g
186,Vegan Eggnog,28.72 g,151.67 g,136.98 g
187,Gluten-Free Sweet Potato Pie,22.83 g,226.55 g,165.84 g
188,Vegan Vichysoisse,34.11 g,254.47 g,41.28 g
189,Vegan Nachos,119.72 g,312.06 g,136.44 g
190,Heirloom Tomato BLT,67.86 g,133.37 g,114.89 g
191,Toasted Coconut and Almond Butter,66.39 g,96.28 g,197.65 g
192,Summer Baked Beans recipes,12.72 g,3204.43 g,53.92 g
193,Vegan Gravy,15.33 g,88.78 g,63.28 g
194,Sweet Potato Turnovers with Sweet Kraut,18.53 g,340.31 g,95.89 g
195,Vegan Chili,77.37 g,290.62 g,53.2 g
196,Vegan Chili,83.07 g,289.12 g,24.89 g
197,Vegan Cassoulet,32.89 g,192.7 g,911.66 g
198,Chocolate Chip Pumpkin Bread,41.34 g,466.58 g,154.67 g
199,Vegan Lasagna,175.6 g,469.02 g,121.44 g
200,Cherry Tomato Zucchini Noodles,11.46 g,39.76 g,14.13 g
201,"Pb, J & Chocolate Love Pie",62.69 g,275.49 g,262.8 g
202,Red lentil & sweet potato pâté,37.67 g,118.32 g,15.72 g
203,Double-Chocolate Glazed Doughnuts,26.65 g,316.79 g,119.73 g
204,Vegan cashew Parmesan,59.46 g,65.69 g,67.7 g
205,Vegan Mayonnaise Recipe,9.89 g,4.19 g,341.1 g
206,Rustic Garlic and Asparagus Tofu Quiche Is a Slice of Sunshine,16.32 g,119.85 g,87.04 g
207,Vegan Corn Soup,29.92 g,164.72 g,38.37 g
208,Chocolate Sunflower Butter Spread recipes,9.19 g,136.89 g,228.0 g
209,Vegan Cauliflower Soup,26.33 g,36.65 g,29.47 g
210,Vegan Yorkshire puddings,28.33 g,194.44 g,41.45 g
211,"Vegan ""Ice Cream""",3.15 g,28.35 g,4.84 g
212,Vegan Christmas pudding,60.68 g,1131.87 g,113.81 g
213,Grilled Avocado Sandwich,7.0 g,31.62 g,8.68 g
214,Vegan Asparagus Risotto,30.84 g,247.0 g,16.36 g
215,Vegan lemon cheesecake,80.07 g,223.02 g,266.4 g
216,Vegan Mushroom Gravy,10.93 g,37.1 g,41.71 g
217,Vegan Blueberry Crisp,30.9 g,196.29 g,153.5 g
218,Vegan lemon cake,29.37 g,568.68 g,97.64 g
219,Chocolate-Covered Banana Ice Cream Bars,43.88 g,239.08 g,154.42 g
220,Vegan Lemon Cake,27.09 g,473.21 g,76.49 g
221,"Oat Milk Tres ""Leches"" Cake",118.03 g,713.21 g,278.89 g
222,"Steamed Buns with Simmered Daikon and Shiitake, Pickled Bean Sprouts, and Spicy Mayonnaise (Vegan) Recipe",78.57 g,442.46 g,59.91 g
223,Easy vegan pho,18.65 g,106.31 g,15.27 g
224,Vegan Chocolate Sorbet,7.27 g,173.78 g,51.9 g
225,Vegan Black Beans,104.19 g,316.86 g,49.68 g
226,Easy vegan burgers,49.36 g,466.88 g,24.18 g
227,Vegan Chocolate Cake,50.01 g,722.29 g,229.58 g
228,Vegan Sourdough Stuffing,64.61 g,290.67 g,54.0 g
229,Vegan Sweet Potato and 2-Bean Chili With Hominy Recipe,135.92 g,583.76 g,59.5 g
230,Vegan Chickpea Curry,71.67 g,244.33 g,64.8 g
231,Vegan Baked Beans,98.26 g,403.51 g,48.14 g
232,Vegan Mapo Tofu,52.07 g,60.56 g,56.37 g
233,Vegan Chili Mac,74.67 g,242.04 g,66.9 g
234,Vegan Scalloped Potatoes,37.1 g,298.65 g,73.61 g
235,Vegan Christmas cake,101.45 g,1210.44 g,371.51 g
236,Vegan Rice Pudding,27.49 g,328.04 g,84.0 g
237,Vegan Spring Risotto,25.13 g,212.46 g,16.39 g
238,Vegan mince pies,71.56 g,727.39 g,268.62 g
239,Vegan Eggplant Lasagna,130.69 g,183.5 g,96.88 g
240,Simple Vegan Pesto,35.18 g,28.08 g,155.98 g
241,Vegan Mayonnaise recipes,2.4 g,16.16 g,82.56 g
242,Vegan Hoppin' John,45.97 g,391.64 g,27.27 g
243,Vegan Chocolate Ganache Cupcakes with Salted Caramel and Dark Chocolate Buttercream,120.61 g,1486.52 g,685.22 g
244,Vegan Thai curry,81.25 g,376.16 g,143.38 g
245,Vegan Miso Pesto,10.76 g,16.9 g,79.51 g
246,Roasted Veggie Mason Jar Salad,30.27 g,24.73 g,22.72 g
247,Vegan Mac & Cheese,85.38 g,300.79 g,83.5 g
248,Vegan Chocolate Mousse,41.81 g,212.07 g,100.09 g
249,Korean Shrimp Cocktail,185.31 g,22.83 g,93.78 g
250,Vegan Anytime Risotto,67.37 g,327.18 g,59.52 g
251,Vegan Salad Nicoise,74.16 g,120.17 g,380.98 g
252,Vegan Mashed Potatoes,11.66 g,96.4 g,54.73 g
253,Low-key Iridofu Or Scrambled Tofu With Vegetables recipes,74.74 g,32.31 g,40.2 g
254,Vegan Sesame Grill,12.67 g,77.56 g,12.17 g
255,Vegan Jackfruit Tacos,63.86 g,303.01 g,67.49 g
256,Tofu Salad,18.76 g,32.32 g,17.91 g
257,Deviled Potatoes,120.85 g,767.12 g,18.23 g
258,Vegan Potato Soup,79.69 g,262.1 g,130.71 g
259,Vegan Caesar Dressing,22.05 g,31.41 g,44.91 g
260,Vegan Summer Succotash,28.19 g,112.52 g,25.87 g
261,Vegan Tikka Masala,106.33 g,309.79 g,144.92 g
262,Vegan Enchilada Casserole,151.55 g,654.47 g,56.44 g
263,Vegan Chocolate Milkshake,21.17 g,120.27 g,41.1 g
264,Jalapeño Pesto Potato Tamales,43.71 g,343.61 g,198.67 g
265,Vegan Basil Pesto,20.29 g,25.97 g,96.69 g
266,Vegan Banana Muffins,22.36 g,316.56 g,118.11 g
267,Massaged Kale Salad recipes,37.56 g,101.22 g,88.18 g
268,Vegan Basil “Chicken”,70.45 g,43.51 g,63.81 g
269,Vegan Lentil Soup,62.9 g,181.19 g,31.82 g
270,Vegan Pumpkin Bread,43.54 g,417.73 g,112.34 g
271,Gena Hamshaw's (Vegan) Deli Bowls With Smashed Chickpea Salad,121.33 g,340.49 g,177.38 g
272,Decadent Vegan Brownies,23.33 g,339.8 g,113.64 g
273,Vegan Pear Tart,28.5 g,296.05 g,112.24 g
274,Vegan Blueberry Muffins,33.07 g,422.0 g,94.49 g
275,Vegan Penne Vodka,86.64 g,434.2 g,76.53 g
276,Vegan Scalloped Potatoes,61.88 g,199.46 g,65.27 g
277,Beet Jerky recipes,15.59 g,69.3 g,0.97 g
278,Vegan Chickpea Alfredo,142.21 g,512.07 g,75.14 g
279,Vegan Buddha Bowl,57.85 g,227.15 g,105.16 g
280,7 layer mexican dip,102.31 g,337.22 g,197.22 g
281,Vegan Coconut Bars,14.76 g,330.45 g,79.45 g
282,Vegan Zucchini kofta,37.62 g,152.18 g,196.5 g
283,Vegan Portobello Muffuletta,47.7 g,190.91 g,70.41 g
284,Vegan Chocolate Babka,38.94 g,333.75 g,88.42 g
285,Vegan Brownies recipes,66.43 g,400.61 g,228.71 g
286,Seitan,186.43 g,70.93 g,30.6 g
287,Vegan tarka dal,116.89 g,316.1 g,45.52 g
288,Southeast Asian Inspired Vegan Apple Blackberry Pie With Coconut Crumb Topping And Coconut Scented Crust,55.31 g,770.24 g,267.22 g
289,"Dark Chocolate, Chia, and Cherry Pecan Bar",10.48 g,94.15 g,67.01 g
290,Vegan Pumpkin Chili,61.67 g,276.87 g,37.83 g
291,Vegan Chocolate Dipped Strawberries,8.66 g,83.05 g,46.09 g
292,Plain Cake Donut,14.71 g,558.56 g,76.65 g
293,Vegan Pad Thai,123.43 g,287.59 g,133.03 g
294,Vegan Peach Cobbler,75.12 g,622.73 g,68.91 g
295,Couscous with Pine Nuts and Currants,18.2 g,105.12 g,32.85 g
296,Baby Bok Choy Salad with Mama O's Kimchi Paste,6.02 g,21.02 g,0.95 g
297,Vegan cashew cream cheese,62.25 g,90.89 g,110.77 g
298,Easy Vegan Chocolate Truffles,50.68 g,309.97 g,200.92 g
299,Vegan Pumpkin Pie,44.62 g,371.87 g,350.17 g
300,Vegan Chocolate & Pumpkin Pudding,4.65 g,77.96 g,4.75 g
301,Easiest ever vegan gravy,3.12 g,9.71 g,5.39 g
302,Cranberry-Carrot Cake Recipe,63.64 g,457.67 g,101.36 g
303,Massaged Kale Salad Recipe,37.56 g,101.22 g,80.74 g
304,Vegan Saffron Risotto,72.96 g,427.95 g,33.85 g
305,Vegan Lasagna recipes,141.85 g,361.97 g,150.89 g
306,Vegan French-Fried Onions,7.01 g,45.29 g,7.68 g
307,Vegan Double Caramel Flan,23.14 g,313.45 g,51.01 g
308,Vegan Mocha Mousse Recipe,75.54 g,201.64 g,83.46 g
309,Purple Carrot's Jalapeño Popper Potato Skins,83.47 g,343.82 g,132.41 g
310,Vegan Palak Paneer,69.07 g,87.68 g,64.8 g
311,Vegan kale pesto pasta,85.33 g,299.08 g,87.91 g
312,Vegan vanilla ice cream,17.39 g,209.12 g,171.18 g
313,Chunky Peanut Butter Fudge Squares,57.88 g,212.55 g,153.01 g
314,Vegan Spaghetti alla Puttanesca,67.2 g,375.92 g,56.82 g
315,Vegan Bistro Lunch Box,8.25 g,28.23 g,8.52 g
316,Vegan Avocado Ice Cream,14.45 g,190.05 g,130.85 g
317,Vanilla Torte With Raspberry Filling And Chocolate Frosting,114.32 g,908.43 g,238.33 g
318,Vegan Asparagus Avocado Soup,40.99 g,112.72 g,125.04 g
319,Kale Slaw recipes,12.4 g,57.01 g,20.99 g
320,Inclusive Vegan Sour Cream,8.61 g,15.68 g,36.19 g
321,Vegan Chocolate-Ganache Frosting,19.52 g,191.74 g,165.39 g
322,Smoky spiced veggie rice,72.5 g,477.82 g,76.99 g
323,Vegan mac 'n' cheese,120.58 g,520.01 g,162.1 g
324,Easy Vegan Bacon Bits,59.11 g,49.68 g,0.38 g
325,Healthy Vegan Snacking recipes,6.02 g,127.9 g,1.98 g
326,Vegan BBQ teriyaki tofu,71.0 g,62.88 g,53.38 g
327,Vegan Lentil Soup Recipe,117.97 g,329.04 g,33.72 g
328,Vegan Carbonara Pasta Recipe,114.96 g,383.39 g,128.65 g
329,Vegan Coconut Chickpea Curry,86.87 g,501.32 g,53.58 g
330,Vegan Sweet Potato Casserole,36.04 g,307.12 g,110.7 g
331,Vegan Basil Cashew Pesto,28.42 g,30.95 g,99.52 g
332,Vegan lemon meringue pie,26.72 g,385.51 g,193.03 g
333,Vegan Grape Jelly recipes,1.09 g,99.98 g,0.24 g
334,Vegan Chickpea Coconut Curry,19.93 g,100.18 g,134.96 g
335,Chargrilled Artichokes Hummus [vegan],35.61 g,115.73 g,43.49 g
336,Easy Brown Rice & Veggie Wrap,11.03 g,52.26 g,19.43 g
337,Vegan Olive Oil Cake,36.09 g,492.72 g,221.5 g
338,Vegan Kaju Matar Masala | Vegan Cashew and Green Peas Curry,39.11 g,104.85 g,97.12 g
339,Vegan Fettuccine Alfredo Recipe,125.93 g,357.2 g,139.6 g
340,Asparagus Garlic Scape Pesto Spaghetti recipes,16.02 g,42.41 g,54.27 g
341,Vegan Chocolate Frosting recipes,7.27 g,143.81 g,160.91 g
342,The best vegan tacos,73.62 g,221.55 g,34.38 g
343,Vegan Superfood Buddha Bowls,74.84 g,234.13 g,70.8 g
344,Whole Spelt Vegan Pasta,17.2 g,98.28 g,15.52 g
345,Vegan Vanilla Ice Cream,25.52 g,107.14 g,61.4 g
346,Root Vegetables Jazzed Up!,8.66 g,99.05 g,14.91 g
347,Vegan Cashew Caesar Salad,38.86 g,89.46 g,101.6 g
348,Raw Vegan Coconut Macaroons,31.57 g,95.83 g,112.34 g
349,Vegan Strawberry Ice Cream,5.79 g,222.43 g,5.76 g
350,Simplest Chocolate Mousse,46.49 g,138.98 g,128.96 g
351,Vegan Peach Ice Scream,13.42 g,177.68 g,9.47 g
352,Roasted Veggie Brown Rice Buddha Bowl,29.38 g,45.68 g,19.5 g
353,Simple Vegan Pesto Zoodles,29.84 g,63.91 g,92.41 g
354,Vegan Mango Lassi recipes,5.81 g,155.67 g,10.77 g
355,Vegan Nectarine Ice Cream,12.36 g,151.54 g,97.35 g
356,Vegan Vanilla Ice Cream,17.21 g,115.94 g,180.87 g
357,Grilled Corn with Sriracha Mayo,21.18 g,84.51 g,72.18 g
358,Saweet! Potato Casserole with a Crunchy Nut Crumble recipes,66.71 g,586.67 g,225.24 g
359,Recent stonesoup vegan recipes,7.62 g,17.64 g,9.59 g
360,"Vegan ""Cheesy"" Pumpkin Seeds",83.58 g,32.84 g,153.89 g
361,Vegan Butternut Squash Soup,17.34 g,91.39 g,115.59 g
362,Vegan Lemon Asparagus Risotto,54.8 g,225.11 g,31.22 g
363,Satoimo (taro Root) Cooked In Miso With Tofu recipes,41.19 g,114.26 g,19.73 g
364,Cold Avocado Soup With Sweet Corn And Bacon,28.33 g,85.11 g,94.31 g
365,Cranberry-topped Sourdough Coffee Cake,43.4 g,518.9 g,141.93 g
366,No-Bake Strawberry Pie,18.95 g,373.66 g,70.16 g
367,Vegan Baked Banana Donuts,6.02 g,308.57 g,4.73 g
368,Jerseylicious Vegan Peach Pie,32.45 g,368.31 g,113.84 g
369,Vegan Caprese Salad recipes,61.81 g,46.18 g,75.54 g
370,Vegan Raw Plantain Salad,8.8 g,139.47 g,2.19 g
371,Vegan Fresh Pasta Dough.,35.58 g,262.82 g,7.89 g
372,Hearts of Baltimore Crab Cakes,30.74 g,84.99 g,104.24 g
373,Garlicky Baked Butternut Squash recipes,32.14 g,190.38 g,39.93 g
374,Green Tea Ice Cream,11.9 g,143.33 g,92.97 g
375,Asparagus recipes,11.74 g,10.23 g,32.11 g
376,Ultimate Vegan Thanksgiving Gravy,27.2 g,102.17 g,42.17 g
377,Perfect Vegan Pie Crust,29.06 g,223.51 g,111.76 g
378,Thyme roasted vegetables,8.56 g,146.03 g,42.54 g
379,Vegan Banana Cashew Yogurt,29.25 g,102.35 g,62.48 g
380,Homemade Vegan Kimchi Recipe,33.83 g,108.25 g,14.19 g
381,Easy Vegan Pad Thai,69.47 g,523.83 g,45.24 g
382,Tomato Tart,17.48 g,100.57 g,44.06 g
383,Vegan Chocolate Orange Muffins,34.66 g,266.45 g,64.99 g
384,Pecan Butter,18.36 g,47.61 g,162.93 g
385,Vegan Seafood Spelt Pasta,54.91 g,264.71 g,49.65 g
386,Raw vegan spag bol,78.97 g,245.02 g,44.98 g
387,Maple Frosted Pumpkin Cake Recipe,66.83 g,938.29 g,252.26 g
388,Vegan Vanilla Cashew Cream,18.23 g,31.25 g,43.86 g
389,Vegan Mediterranean Pita Pockets,120.28 g,197.28 g,115.53 g
390,Vegan Green-Goddess Dip,3.6 g,13.98 g,71.09 g
391,Vegan Caprese Salad recipes,57.58 g,46.33 g,29.68 g
392,Easy Green Chile Quesadilla Recipe With Sprouted Corn Tortillas,34.34 g,48.42 g,50.87 g
393,"Beetroot, hummus & crispy chickpea sub sandwich",59.07 g,262.48 g,42.64 g
394,Vegan Mushroom Gravy recipes,17.32 g,106.32 g,57.73 g
395,Simple Vegan Chocolate Cake,38.71 g,545.64 g,135.55 g
396,Vegan Banana Ice Cream,11.88 g,169.1 g,97.21 g
397,Vegan Spiced Cashew Rice,45.72 g,211.44 g,86.92 g
398,Vegan Carrot Jalapeño Soup,20.77 g,90.18 g,59.76 g
399,Vegan Sweet Squash Soup,6.77 g,102.28 g,23.03 g
400,Vegan Avocado Ceviche recipes,9.15 g,39.7 g,43.86 g
401,5-Minute Vegan Breakfast Burritos,76.01 g,132.07 g,50.95 g
402,Veggie Veggie Vegan Soup,20.35 g,123.04 g,29.02 g
403,Best-Ever Vegan Meatballs,35.95 g,114.25 g,28.96 g
404,Vegan Lemon Fettuccine Alfredo,85.42 g,292.08 g,91.47 g
405,No-Oil Balsamic Dressing,33.28 g,101.9 g,2.99 g
406,Vegan bean chilli fries,50.83 g,249.54 g,90.69 g
407,All the 'melon Ceviche (vegan),14.32 g,122.56 g,31.66 g
408,Vegan Moroccan Harira recipes,127.16 g,430.33 g,43.33 g
409,Vegan Cream Of Broccoli Soup,41.97 g,142.86 g,18.91 g
410,Vegan Caesar Salad recipes,55.62 g,193.4 g,143.75 g
411,Vegan and Gluten-Free Gravy,29.69 g,49.33 g,16.42 g
412,Miso-Agave Mayonnaise (Vegan) Recipe,18.36 g,51.95 g,84.05 g
413,Vegan Sweet Potato Chili,44.2 g,231.63 g,39.97 g
414,Orange-Walnut Biscotti,82.16 g,393.23 g,137.8 g
415,Vegan Kale Caesar Salad,44.65 g,114.84 g,53.56 g
416,Vegan “Cheese” Spread recipes,70.39 g,99.61 g,130.81 g
417,Smoky Black Bean Enchiladas,99.51 g,308.46 g,48.72 g
418,Raw Vegan Zoodles with Romesco,52.57 g,234.71 g,59.35 g
419,Vegan Chorizo for Omnivores Recipe,170.52 g,351.7 g,94.17 g
420,15 Minute Cauliflower Fried Rice recipes,40.74 g,57.84 g,43.11 g
421,Spicy Vegan Sloppy Joes,52.1 g,233.65 g,50.05 g
422,Vegan Thai Cucumber Salad,16.75 g,48.12 g,47.06 g
423,Eggless Molten Lava Cake (In the Microwave),4.73 g,38.99 g,18.82 g
424,Vegan Cauliflower Fried Rice,42.07 g,84.73 g,76.58 g
425,Vegetable Stock From 'Afro-Vegan',0.56 g,3.29 g,0.06 g
426,Pecan-stuffed dates,23.83 g,282.81 g,103.33 g
427,Reeses Pie recipes,119.7 g,385.64 g,191.84 g
428,Spicy Vegan Sloppy Joes,52.1 g,233.65 g,50.05 g
429,Vegan Dal Makhni recipes,68.31 g,177.32 g,70.78 g
430,Vegan White Bean Chili,89.72 g,304.98 g,67.7 g
431,Raw Walnut Brownies (vegan + gf),8.87 g,112.76 g,41.16 g
432,Vegan: Breakfast Garlic Toast Recipe,33.25 g,115.8 g,63.11 g
433,Vegan Pad Thai with Tofu,66.38 g,195.01 g,63.49 g
434,Vegan Black Sesame Milkshakes,18.8 g,76.81 g,117.06 g
435,Delicious Vegan Chili recipes,42.13 g,167.98 g,24.93 g
436,Vegan Pinto Bean Chili,381.55 g,1264.46 g,37.23 g
437,Vegan Chili and Cornbread Casserole,319.54 g,1159.0 g,291.7 g
438,Healthy Vegan Yoga Bowl,60.73 g,188.21 g,18.76 g
439,Vegan Portobello Muffuletta recipes,47.45 g,189.36 g,70.33 g
440,Baked Vegan Doughnuts recipes,15.23 g,304.34 g,67.71 g
441,Vegan Chipotle Lentil Tacos,136.34 g,428.83 g,53.51 g
442,Purple Carrot’s Loaded Nachos,126.73 g,425.71 g,338.92 g
443,Vegan Black Bean Burgers,113.81 g,338.17 g,38.43 g
444,Chocolate Mocha Pie,39.03 g,348.34 g,75.65 g
445,Vegan Crispy Roasted Cauliflower,33.34 g,42.56 g,46.01 g
446,Vegan Mixed Berry Panna Cotta,14.9 g,111.97 g,50.97 g
447,Vegan Butter Chicken recipes,52.94 g,121.02 g,76.27 g
448,Hearty Vegetable Stock (Vegan) Recipe,0.46 g,2.66 g,0.12 g
449,Beetroot & red onion tarte tatin,47.43 g,319.17 g,232.71 g
450,Raspberry Lemon Cake,26.36 g,279.82 g,58.73 g
451,Vegan Pulled Mushroom BBQ Sandwiches,50.04 g,300.89 g,48.65 g
452,Vegan Bakery-Style Blueberry Muffins,60.67 g,558.45 g,19.72 g
453,Carnitas tenderloin tacos,71.06 g,54.84 g,66.08 g
454,Canadian apple butter,2.49 g,135.45 g,25.78 g
455,"Pantry Bacon (vegan, gluten free)",0.92 g,79.66 g,27.61 g
456,Raw Vegan Coconut Almond Macaroons,36.09 g,114.15 g,126.25 g
457,Burgers with Chunky Grilled Vegetables,52.87 g,100.71 g,28.39 g
458,Vegan Broccoli Cream Soup Recipe,23.5 g,92.68 g,28.95 g
459,Vegan chocolate banana ice cream,1.61 g,27.46 g,0.63 g
460,Patatas Bravas,25.85 g,207.13 g,64.9 g
461,"Big Quesadillas with Refried Beans, Spinach, and Avocado",51.06 g,204.95 g,54.93 g
462,"Charred cauliflower, lemon & caper orzo",19.38 g,93.24 g,11.53 g
463,Mango-Raspberry Vegan Shake recipes,4.2 g,164.16 g,14.87 g
464,Healthy Vegan German Potato Salad,28.42 g,244.78 g,1.47 g
465,Red cabbage with coriander seed,4.48 g,111.57 g,15.81 g
466,Chickpeas With Spring Greens (Vegan),39.1 g,139.69 g,22.25 g
467,Fully Loaded Vegan Burritos,67.39 g,364.68 g,36.02 g
468,Spicy Vegan Refried Beans Recipe,100.45 g,309.31 g,61.96 g
469,Cheesy Vegan Brussels Sprout Chips,12.37 g,27.62 g,14.54 g
470,Trinidad Pholourie (Gluten Free & Vegan),52.36 g,390.02 g,84.29 g
471,Vegan Whipped Coconut Sweet Potatoes,7.42 g,82.5 g,24.29 g
472,Olive-Artichoke Eggplant Rolls,21.24 g,79.57 g,92.14 g
473,Vegan Jelly-Filled Muffins Recipe,20.55 g,440.45 g,79.32 g
474,RAW VEGAN BLOODY MARY recipes,5.99 g,29.77 g,1.48 g
475,Hungarian Apple Crumb Kugel,17.65 g,504.27 g,94.97 g
476,Zucchini Verde Vegan Enchiladas,91.98 g,243.48 g,112.79 g
477,Asian-Style Lettuce Wraps,50.77 g,54.64 g,18.12 g
478,Vegan chickpea curry jacket potatoes,76.95 g,355.52 g,41.04 g
479,Vegan Fluffy Buttercream Frosting recipes,1.19 g,424.99 g,193.24 g
480,Vegan Thai Summer Squash Vichyssoise,44.26 g,154.44 g,61.48 g
481,Vegan Cream of Broccoli Soup,50.28 g,107.77 g,31.46 g
482,Vegan Vanilla Ice Cream recipes,25.52 g,107.14 g,61.4 g
483,Raw Vegan Fig-Vanilla Jam,3.26 g,61.03 g,3.23 g
484,Vegan Bakery-Style Banana Muffins,54.07 g,584.1 g,8.27 g
485,Banana Cake with Peanut Butter Frosting recipes,33.4 g,355.7 g,147.51 g
486,Banana Bread for One,2.58 g,40.25 g,14.28 g
487,Vegan Spinach and Artichoke Dip,51.29 g,101.78 g,127.63 g
488,Vegan Stuffing with Mushrooms and Leeks,66.77 g,281.85 g,107.09 g
489,Vegan Tofu and Spinach Scramble,70.95 g,39.43 g,62.98 g
490,Spicy Cabbage Slaw (vegan) Recipe,5.78 g,84.31 g,0.89 g
491,VEGAN PENNE WITH VODKA SAUCE,107.55 g,480.93 g,253.29 g
492,Vegan Pumpkin Pie Ice Cream,16.63 g,173.09 g,43.5 g
493,Vegan Mint Chip Ice Cream,39.05 g,157.15 g,134.2 g
494,Grilled Portobello Mushroom Burgers,43.5 g,164.35 g,27.76 g
495,Raspberry Mousse recipes,39.86 g,167.6 g,36.62 g
496,Cajun Portobello Sandwich with Avocado and Rémoulade,57.79 g,210.99 g,172.74 g
497,Vegan Macaroni and Cheese recipes,193.15 g,523.06 g,199.57 g
498,Vegan Tofu Green Goddess Dressing,6.27 g,18.38 g,77.51 g
499,Vegan Sweet Potato Malai Kofta,36.9 g,128.0 g,128.65 g
500,Easy Vegan Pad Thai Supreme,97.94 g,217.78 g,168.32 g
501,Gluten-Free Balsamic Zucchini Scones,20.83 g,236.24 g,117.68 g
502,Vegan Lasagna with Roasted Vegetables,163.88 g,380.69 g,90.7 g
503,RAW VEGAN CHOCOLATE CAKE recipes,64.58 g,545.79 g,182.41 g
504,Creamy Vegan Butternut Squash Carbonara,109.29 g,444.43 g,60.41 g
505,RAW VEGAN DONUT HOLES recipes,27.04 g,203.88 g,72.04 g
506,Spring Has Sprung Salad recipes,17.79 g,61.94 g,14.16 g
507,Vegan Roasted Sweet Potato Quesadillas,77.95 g,361.1 g,76.6 g
508,Homemade 'Reese's Cups' Recipe,95.7 g,445.64 g,398.74 g
509,Vegan Green Bean Casserole Recipe,41.54 g,127.28 g,418.85 g
510,Chilled Avocado Soup,11.34 g,45.35 g,81.6 g
511,Creamy Vegan Herb Salad Dressing,14.5 g,6.77 g,34.26 g
512,Super Healthy Vegan Hummus Wrap,22.54 g,64.48 g,36.5 g
513,Vegan Portobello and Peach Burger,79.96 g,381.1 g,254.75 g
514,Creamy Vegan Avocado Potato Salad,26.81 g,185.65 g,60.99 g
515,Vegan Pumpkin Pie Ice Cream,16.63 g,173.09 g,43.5 g
516,Vegan Cauliflower Steaks with Mushroom Gravy,37.21 g,111.41 g,69.17 g
517,"The Happy Herbivore's Easy, Mock Tuna Salad Recipe",102.57 g,315.32 g,37.81 g
518,Vegan Cauliflower Fettuccine Alfredo with Kale,75.91 g,290.12 g,71.3 g
519,Smokin' Hot Vegan Vaquero Chili,57.35 g,191.42 g,17.06 g
520,Soy-Free Vegan Mayonnaise recipes,2.47 g,12.91 g,173.68 g
521,Paleo Honey Cake,87.32 g,258.25 g,259.21 g
522,"Homemade Vegan ""Kit Kat"" Bars",54.69 g,511.03 g,283.58 g
523,Spinach & Dill Pasta Salad,17.4 g,70.76 g,24.13 g
524,Vegan Cream of Broccoli Soup recipes,41.97 g,142.86 g,18.91 g
525,Indian Cauliflower with Black Mustard Seeds,14.68 g,48.25 g,45.34 g
526,5 Minute Vegan Kale Pesto recipes,13.62 g,20.92 g,135.28 g
527,Mexican Quinoa Bake,146.79 g,496.75 g,81.22 g
528,Pantry Thai vegan chickpea pasta,119.07 g,530.39 g,176.66 g
529,Raw Mini Key Lime Pies,8.55 g,164.25 g,92.62 g
530,Vegan Italian Garbanzo Bean Soup,29.6 g,113.87 g,21.94 g
531,Recipe: Vegan Sweet Potato Chowder,17.31 g,201.34 g,28.75 g
532,Italian Wedding Soup,125.25 g,163.89 g,50.35 g
533,Vegan Carrot Ginger Coconut Soup,29.08 g,129.28 g,68.93 g
534,RAW VEGAN SPECIAL BROWNIES recipes,33.59 g,250.48 g,358.36 g
535,Vegan Dark Chocolate Coconut Tart,32.24 g,221.1 g,103.54 g
536,Vegan Burrito Bowls with Cauliflower Rice,25.61 g,50.07 g,58.11 g
537,Soy-Free Vegan Mac and Cheese,74.62 g,161.63 g,11.77 g
538,Paleo and Vegan Pesto stuffed mushrooms,10.73 g,15.5 g,49.29 g
539,Vegan Dan Dan Noodles Recipe,45.41 g,189.76 g,105.4 g
540,Eggless Tofu Salad,54.39 g,29.82 g,38.61 g
541,The Best Vegan Tacos Ever,66.84 g,319.94 g,135.48 g
542,Vegan Lemon-Dill Cashew Dip,57.76 g,99.83 g,193.27 g
543,Summer Baked Beans,10.34 g,402.59 g,7.31 g
544,Green Goddess Dressing (Vegan) recipes,6.86 g,26.61 g,84.01 g
545,Carrot Mustard Soup,69.1 g,147.26 g,30.53 g
546,Vegan Creamy Curried Pumpkin Soup,63.88 g,290.85 g,179.29 g
547,Vegan Banana Coconut Ice Cream Recipe,12.53 g,369.55 g,105.65 g
548,Crabless Cakes with Hearts of Palm and Corn,30.54 g,144.93 g,42.23 g
549,"Chana Saag (vegan, gluten free)",60.24 g,155.38 g,44.87 g
550,Tofu Burger,122.37 g,445.66 g,80.26 g
551,Mushroom Sun Burger,45.55 g,85.84 g,81.32 g
552,Mushroom Chia Risotto,42.76 g,409.11 g,63.48 g
553,Tangy Vegan Potato Salad Recipe,57.93 g,304.53 g,130.47 g
554,Spicy Pumpkin Soup,23.85 g,148.88 g,17.78 g
555,Creamy Vegan Fingerling Potato Salad Recipe,20.82 g,185.35 g,55.76 g
556,Pumpkin Spice Whoopie Pies (Vegan),44.86 g,408.68 g,110.29 g
557,Petite Quiches Three Ways,115.56 g,354.44 g,204.12 g
558,"Vegan ""Pancit Bihon"" with Spaghetti Squash",14.17 g,90.83 g,32.26 g
559,Vegan Garlic Scrape and Mushroom Rice,29.91 g,145.23 g,15.92 g
560,Baked Eggplant Fries Recipe,61.99 g,238.33 g,30.15 g
561,Toasted Hazelnut and Fig Cake (Vegan),63.19 g,453.89 g,357.0 g
562,Naughty & Nice Vegan Enchilada Casserole,84.97 g,339.36 g,32.59 g
563,Vegan Harvest Vegetable Tart recipes,92.46 g,214.57 g,116.61 g
564,Peanut-Tamarind Dipping Sauce for Spring Rolls or Satay Recipe,24.35 g,36.34 g,66.36 g
565,Vegan Pumpkin Pecan Pie recipes,87.99 g,496.82 g,335.19 g
566,Gluten-Free Vegan Stuffed Potatoes,98.63 g,691.07 g,33.85 g
567,Miso-Marinated Portobello Carpaccio (Vegan) Recipe,11.93 g,38.64 g,69.78 g
568,Vegan Avocado Lime Ice Cream Recipe,12.58 g,259.48 g,88.12 g
569,Oatmeal Banana Chocolate Chip Cake {Vegan},46.97 g,639.42 g,212.42 g
570,Vegan Peach Crumble Coffee Cake,34.97 g,392.01 g,164.88 g
571,Recipe: 6-Ingredient Vegan Enchilada Casserole,51.99 g,239.48 g,95.83 g
572,Best-Ever Vegan Mac & Cheese,134.86 g,514.32 g,144.12 g
573,Wholesome Holiday Cookies (vegan + gluten-free),36.43 g,157.33 g,208.54 g
574,Vegan Mint Chip Ice Cream Recipe,28.89 g,288.27 g,249.93 g
575,"Tofu ""Egg"" Salad",68.9 g,30.83 g,70.95 g
576,"Strawberry Kiwi Daiquiri Cupcakes with Kiwi Curd, Strawberry Rum Frosting, and Strawberry Rum Shooter Garnish",92.28 g,2314.02 g,665.2 g
577,Loaded Organic Baked Potato with Broccoli and Cheese,59.69 g,179.9 g,109.31 g
578,Vegan Soft Serve Ice Cream recipes,7.04 g,90.76 g,3.39 g
579,Zucchini Za’atar Vegan Scones recipes,37.77 g,213.68 g,129.79 g
580,VIETNAMESE RICE NOODLE SOUP (VEGAN PHO),31.1 g,207.84 g,18.92 g
581,Deep Dish Chocolate Peanut Butter Ice Cream Cake recipes,112.35 g,575.76 g,249.51 g
582,Japanese Pancakes (Okonomiyaki) recipes,27.62 g,110.94 g,35.07 g
583,Spiced Coconut Lentil Soup recipes,56.77 g,157.3 g,68.75 g
584,Veggie Kebabs With Vegan Pesto Sauce,107.45 g,103.38 g,222.45 g
585,Aromatic Coconut Rice recipes,35.06 g,342.77 g,69.42 g
586,Fruit & nut butternut squash quinoa,79.26 g,308.07 g,131.58 g
587,Slow-Cooker Vegan Lentil Curry,112.09 g,408.52 g,18.4 g
588,Instant-Pot Vegan Cauliflower Queso,27.68 g,59.25 g,18.02 g
589,Vegan Pumpkin Pecan Pie recipes,84.98 g,439.4 g,274.26 g
590,Vegan Carrot Spice Muffins recipes,52.3 g,443.44 g,47.22 g
591,5 Minute Vegan Pumpkin Soup recipes,30.87 g,168.45 g,44.04 g
592,Date parcels stuffed with frangipane and pomegranate,45.98 g,511.58 g,285.24 g
593,Vegan Coconut Banana Ice Cream recipes,12.71 g,127.44 g,84.77 g
594,Vegan Lentil Bolognese with Cashew Parmesan,113.48 g,482.33 g,37.83 g
595,Grilled Broccoli and Bread Salad with Pickled Shallots,42.75 g,263.75 g,130.8 g
596,"Celeriac, hazelnut & truffle soup",52.69 g,168.76 g,110.68 g
597,Rice Spaghetti with Green Vegan Basil Pesto,19.28 g,141.13 g,67.74 g
598,Easy Vegan Garlic Scape Pesto recipes,84.75 g,33.82 g,112.08 g
599,Vegan Saffron-Almond Rice Pudding Recipe,42.64 g,336.11 g,40.95 g
600,The Best Vegan Mapo Tofu Recipe,75.35 g,69.27 g,136.84 g
601,15-Minute Creamy Tomato Soup (Vegan) Recipe,27.5 g,129.28 g,116.19 g
602,Eggless Salad,42.76 g,30.02 g,25.53 g
603,"Mushroom, Zucchini, and Black Bean Enchiladas",69.31 g,322.33 g,106.83 g
604,The Trifecta Burger,105.55 g,94.95 g,227.09 g
605,"King Oyster Mushroom ""BLT"" with Basil Mayonnaise recipes",25.16 g,78.74 g,51.15 g
606,Callaloo - Trinidadian (Vegan) Cream of Spinach,23.33 g,58.48 g,125.79 g
607,Crispy Fish 'n' Rainbow Chips,203.23 g,155.01 g,146.44 g
608,Naan,72.17 g,442.77 g,69.4 g
609,"Chocolate-Covered Potato Chips with Coconut, Chile Powder, & Toasted Almonds",65.69 g,379.93 g,327.43 g
610,Vegan Coconut Zucchini Chocolate Chip Bread,45.07 g,364.82 g,232.78 g
611,Roasted Cauliflower and Almond Risotto,71.43 g,255.83 g,115.68 g
612,Vegan Kale and White Bean Korma,110.61 g,344.48 g,46.11 g
613,Vegan Stovetop-Style Macaroni and Cheese Recipe,57.7 g,264.11 g,151.45 g
614,Vegan Shiitake Miso Cleansing Soup recipes,39.68 g,202.63 g,9.48 g
615,Salmon with Stone Fruit and Parmesan Salad,87.02 g,43.49 g,122.55 g
616,Vegan Caesar Salad with Polenta Croutons,75.65 g,219.09 g,54.16 g
617,Mango Rice with Mustard,18.61 g,178.66 g,51.56 g
618,Satay sweet potato curry,30.05 g,156.04 g,107.5 g
619,Bean & halloumi stew,54.94 g,133.87 g,72.08 g
620,Yellow Split-Pea Soup,113.42 g,313.22 g,12.41 g
621,Lamington babka - chocolate and coconut vegan brioche,67.84 g,520.26 g,136.02 g
622,(Absolutely not a Falafel) Vegan Lentil Falafel,46.33 g,133.73 g,2.36 g
623,Vegan Lentil Bolognese with Cashew Parmesan,170.99 g,544.44 g,105.64 g
624,Spinach Fettuccine with Tangy Grilled Summer Squash,79.87 g,404.91 g,132.08 g
625,Spicy Vegan Dragon Noodle Salad Recipe,57.2 g,255.09 g,90.89 g
626,Meal-Prep Vegan Moroccan Lettuce Wraps,181.37 g,572.53 g,54.59 g
627,Savory Vegan Chickpea Crêpes With Vegetable Ragout,47.23 g,162.33 g,31.12 g
628,Fudgy Brownies recipes,61.79 g,603.55 g,215.47 g
629,Papadums With Whipped Dal,55.86 g,135.98 g,58.81 g
630,Oil-free Vegan Pesto Pasta Salad,31.33 g,303.87 g,42.21 g
631,Vegan Pasta Alfredo With Two Stroganoff Variations,70.53 g,254.29 g,34.09 g
632,Repair and Recover Vegan Chia Pudding recipes,8.47 g,26.41 g,9.87 g
633,Kimchi Udon Noodle Soup,55.59 g,161.65 g,24.36 g
634,Orange Chocolate Vegan Cheese Cake recipes,79.19 g,398.7 g,470.33 g
635,Vegan Chocolate-Peanut Butter Pudding Cups,65.49 g,340.58 g,271.16 g
636,Creamy Vegan Linguine with Wild Mushrooms recipes,102.78 g,374.81 g,91.03 g
637,Shiny Happy Poppers,32.06 g,200.02 g,115.51 g
638,Spinach Dip,30.78 g,43.04 g,132.01 g
639,Vegan Salty Peanut Butter Ice Cream Recipe,79.44 g,310.67 g,351.96 g
640,Vegan Sweet Potato and Pumpkin Pudding Cups,17.94 g,154.04 g,73.94 g
641,Sticky toffee pear pudding,38.94 g,975.75 g,206.75 g
642,Foolproof Vegan Vanilla Coconut Ice Cream Recipe,22.14 g,253.66 g,219.45 g
643,KALE + EDAMAME DUMPLINGS w/ SIMPLE DIPPING SAUCE recipes,74.92 g,368.27 g,22.84 g
644,Vegan Quinoa-Stuffed Grilled Zucchini recipes,36.15 g,107.22 g,72.8 g
645,"Vegan, Gluten Free Butternut Squash Gratin",104.45 g,273.06 g,62.21 g
646,Vegan Toasted Coconut And Pistachio Ice Cream,15.14 g,143.93 g,108.29 g
647,Vegan Dark Chocolate-Avocado Cake recipes,70.04 g,956.9 g,298.71 g
648,Chana Masala Pockets with Tofu and Arugula,212.76 g,609.53 g,108.18 g
649,Vegan Chocolate Cake with Creamy Chocolate Filling,82.81 g,942.6 g,262.43 g
650,Vegan Quinoa-Cranberry Stuffed Acorn Squash,45.69 g,339.78 g,67.84 g
651,Karina's Gluten-Free Pumpkin Pie With Praline And Coconut-Pecan Crust,43.53 g,604.47 g,340.12 g
652,Vegan Vanilla Bean Coconut Milk Ice Cream,17.2 g,154.45 g,180.78 g
653,Strawberries with Pomegranate Molasses and Vegan Whip Cream,16.29 g,206.68 g,134.38 g
654,Vegan Wild-Rice-Stuffed Butternut Squash,37.1 g,306.15 g,77.66 g
655,Vegan Seitan and Mushroom Ragù Bolognese Recipe,132.82 g,110.63 g,99.64 g
656,Mini Vegan Key Lime Icebox Pies,34.73 g,315.21 g,801.39 g
657,Foolproof Vegan Chocolate Coconut Ice Cream Recipe,28.47 g,271.83 g,223.87 g
658,Vegan Shepherd’s Pie with Gravy recipes,42.83 g,360.03 g,54.61 g
659,Recipe: Vegan Creamy Curried Cauliflower Soup,32.73 g,97.53 g,95.5 g
660,Creamy Vegan Saag Paneer (With Tofu) Recipe,50.62 g,81.39 g,62.87 g
661,Spiced Butternut Squash Lentil Soup (Vegan),64.65 g,236.09 g,33.82 g
662,"Gluten-Free, Vegan Cranberry-Almond Tartlets",71.0 g,418.03 g,177.94 g
663,Flying Tofu Wedges,56.97 g,25.88 g,37.72 g
664,"Vegan Quinoa, Broccoli, and Kale Curry Recipe",42.54 g,161.71 g,55.0 g
665,"Vegan Coconut, Lime, and Rum Ice Cream Recipe",22.2 g,253.22 g,219.46 g
666,Easy Vegan Pressure-Cooker Miso Risotto Recipe,37.37 g,347.3 g,87.9 g
667,Mak Kimchi,16.34 g,36.04 g,1.92 g
668,Amaretto-spiked Chocolate Mousse recipes,51.89 g,188.64 g,99.61 g
669,"Easy Flaked Almond ""Tuna"" Salad recipes",36.59 g,50.97 g,86.5 g
670,Southern Skillet Black-Eyed Peas with Quick Buttery Biscuits,83.85 g,497.26 g,304.42 g
671,"Butternut, chestnut & lentil cake",123.25 g,624.69 g,113.28 g
672,Pink Pasta - with a creamy vegan vegetable sauce,63.96 g,356.1 g,16.77 g
673,Garlic Potato Kale Cakes,39.38 g,301.21 g,42.49 g
674,Ultimate Vegan Lentil Walnut Loaf recipes,76.55 g,333.74 g,32.63 g
675,"Homemade Baileys Irish Cream, made vegan. recipes",8.86 g,93.2 g,117.82 g
676,"Vegan Potato, Pepper and Olive Phyllo Cups",65.91 g,373.92 g,94.34 g
677,Barbecued Tofu Burger,66.13 g,259.53 g,41.51 g
678,5 Ingredient No Bake Vegan Date Squares recipes,100.09 g,831.04 g,179.01 g
679,Colin Quinn's Irish Lamb Stew recipes,282.7 g,351.37 g,349.13 g
680,Sweet Potato-Black Bean Burgers,78.61 g,299.8 g,66.66 g
681,Gluten- and Dairy-Free Pie Crust,19.84 g,146.62 g,117.59 g
682,Homemade Vegan Burgers That Don't Suck Recipe,116.52 g,408.38 g,173.73 g
683,Baked mini gluten free vegan vanilla donuts,6.74 g,206.28 g,51.41 g
684,Dark Chocolate Cherry Walnut Truffles recipes,29.78 g,210.49 g,152.54 g
685,Vegan Beet Burgers with Sweet Chili Slaw,55.2 g,303.88 g,59.95 g
686,Appetizer Recipe: Miso Sweet Potato Bites,29.62 g,206.76 g,42.3 g
687,Vegan Snack Recipe: Toast with Hummus & Veggies,8.85 g,33.92 g,4.8 g
688,Vegan dal | Hidden veg red lentil dal,80.1 g,235.31 g,7.74 g
689,Vegan Olive Oil Cake w/Candied Rosemary,39.73 g,686.82 g,352.54 g
690,Red Lentil Soup with Lime,53.51 g,161.56 g,19.46 g
691,Our Favorite Chocolate Cake,25.32 g,408.54 g,105.86 g
692,Who Cares Vegan Mac and Cheese recipes,303.66 g,681.96 g,245.27 g
693,"SEXY CARAMEL SLICE (RAW, VEGAN, XO) recipes",99.61 g,812.75 g,256.02 g
694,The Saint Jamez Benedict,67.18 g,126.42 g,168.33 g
695,Mexican Mushroom and Spinach Sandwich (Vegan Torta) Recipe,47.97 g,185.14 g,66.94 g
696,"Vegan Mushroom ""Jerky"" (Slow-Roasted Mushroom Strips)",6.67 g,32.45 g,14.0 g
697,Roasted Vegan Cauliflower Soup with Parsley-Chive Swirl,125.49 g,260.01 g,367.16 g
698,Vegan “Cream” Of Broccoli Soup With Leeks And Scallions,27.64 g,114.23 g,30.7 g
699,Spaghetti and Soyballs,129.78 g,282.3 g,84.87 g
700,Vegan Pumpkin Pie With Rustic Spelt Crust,50.19 g,470.24 g,154.08 g
701,Raw Chili recipes,70.26 g,284.92 g,93.63 g
702,Vegan Southern-Style Collard Greens With Mushrooms Recipe,55.98 g,115.89 g,160.31 g
703,Organic Lentil and Rice Stuffed Peppers,115.69 g,347.98 g,40.9 g
704,Blender Sweet Potato Pie,20.34 g,253.96 g,98.65 g
705,Vegan Hot and Sour Soup with Tofu recipes,81.76 g,53.77 g,82.74 g
706,Jackfruit Sloppy Joes,24.71 g,272.95 g,26.66 g
707,Plain Cake Donut,14.5 g,404.4 g,76.58 g
708,"Vegan Farro Risotto with Fennel, Peas and Greens",41.38 g,190.32 g,76.47 g
709,Crisp Tofu and Thai Cucumber Raita,26.96 g,34.41 g,40.89 g
710,CrisSpi Asian Tofu Sandwich,150.3 g,464.12 g,119.07 g
711,Vegan Coconut-Lime Panna Cotta with Mango Jam,17.71 g,157.36 g,54.27 g
712,Asian Asparagus Salad With Peanuts and Mint Dressing [vegan],35.41 g,104.48 g,84.24 g
713,Vegan Kale and Black Sesame Sushi Bowl,33.12 g,258.51 g,45.52 g
714,Roasted Sweet Potato Salad with Candied Walnuts recipes,18.51 g,117.15 g,64.52 g
715,Vegan Curry Butternut Squash Soup With Kale Recipe,37.46 g,163.3 g,59.63 g
716,Vegan Cream of Mushroom and Wild Rice Soup,47.23 g,183.97 g,66.42 g
717,Vegetarian Pasta Puttanesca,54.02 g,303.41 g,75.85 g
718,Baked Yam Fries with Sriracha Hummus (Vegan + GF),33.02 g,169.41 g,42.68 g
719,Corn Soup with Tofu Larb,88.69 g,267.57 g,77.5 g
720,"Tomato, pepper & bean one pot",161.21 g,531.46 g,26.21 g
721,THE BEST VEGAN CORN TACOS WITH BELL PEPPER AND CILANTRO,19.99 g,144.88 g,41.58 g
722,Basil Scalloped Tomatoes and Croutons recipes,40.71 g,83.13 g,49.37 g
723,"Carrot, Pea, and Mint Salad Recipe",17.22 g,75.91 g,82.92 g
724,Beet and Citrus Salad With Pine Nut Vinaigrette Recipe,24.74 g,156.71 g,107.6 g
725,Stir Fried Singapore Noodles with Garlic Ginger Sauce recipes,35.17 g,166.07 g,18.47 g
726,Easy Vegan Soba Noodles with Peanut Sauce Recipe,100.27 g,392.87 g,70.17 g
727,"Eat your veggies, risotto!",57.83 g,172.85 g,39.19 g
728,Vegan Coconut Cream Tart with White Peaches and Blueberries,39.45 g,285.88 g,109.49 g
729,Tomato-Garlic Focaccia - My Vegan Italian Flatbread,29.81 g,323.46 g,24.1 g
730,Gluten-Free Low-Fat Vegan Oatmeal Muffins Recipe,36.6 g,395.9 g,52.33 g
731,Light Yakisoba Noodles,26.81 g,120.31 g,35.64 g
732,Barbecue Slawpy Jacks,28.7 g,376.7 g,56.48 g
733,Gigante Beans a la Zaytinya,29.56 g,98.08 g,46.07 g
734,Vegan Chickpea Chile Soup with Greens and Grains,56.37 g,226.91 g,31.65 g
735,Vegan Garden Pesto With Miso and Mixed Herbs Recipe,10.74 g,18.94 g,124.83 g
736,Fig Salad inspired by Yotam Ottolenghi,22.07 g,156.75 g,49.11 g
737,Seared Maitake Mushrooms recipes,13.6 g,57.03 g,197.0 g
738,Cheater’s Maple Baked Beans on Toast recipes,34.0 g,133.4 g,9.01 g
739,Chickpea Salad recipes,35.34 g,109.62 g,26.9 g
740,The Vegan Divas Cookbook: Smoky Tomato-Bean Soup,70.3 g,187.93 g,32.62 g
741,Mexican Fried Eggplant Sandwich (Vegan Tortas and Pambazos) Recipe,61.37 g,316.97 g,274.04 g
742,Summer tomato lazy bruschetta,37.03 g,180.61 g,44.77 g
743,"""Refried"" Black Beans and Walnut Meat Tacos (Vegan)",133.18 g,332.91 g,127.84 g
744,Vegan Roasted Vegetable Quinoa Bowl with Creamy Green Sauce,56.14 g,170.34 g,81.83 g
745,Herb and Cheese Drop Biscuits recipes,36.3 g,205.92 g,94.25 g
746,"Vegan Eggnog (Dairy Free, Egg Free, Gluten Free)",91.05 g,155.31 g,215.85 g
747,Butternut Squash Salad With Farro And Pepitas recipes,67.75 g,229.64 g,124.65 g
748,"Vegan raw corn, avocado and black bean salad",44.72 g,195.48 g,34.04 g
749,Vegan Chocolate Layer Cake With Creamy Chocolate Filling,82.81 g,942.6 g,262.43 g
750,Seared Maitake Mushrooms,13.34 g,55.4 g,196.91 g
751,Chive Vegan Cheese Spread and Veggie Crackers recipes,138.65 g,214.34 g,302.54 g
752,Zucchini Gratin,48.89 g,133.58 g,108.22 g
753,Salmon Burgers with Tartar Sauce,172.89 g,109.41 g,191.28 g
754,Vegan Huevos Rancheros Are 10/10 Would Make Again,93.69 g,284.36 g,66.49 g
755,Whole Wheat Eggless Garlic Bread Rolls,95.06 g,500.82 g,65.36 g
756,French Apple Tart (Tarte Fine aux Pommes) [vegan],5.76 g,154.65 g,42.27 g
757,Toasted Coconut Chocolate Cream Pie,96.57 g,276.56 g,234.17 g
758,Vegan Pesto Spaghetti Squash with Mushrooms & Sun-Dried Tomatoes,30.43 g,110.1 g,81.2 g
759,Pasta e fagioli,100.0 g,327.59 g,46.54 g
760,The Whole Wheat,80.52 g,395.26 g,102.03 g
761,"Eggplant, Mushroom & Pesto Pizza recipes",66.43 g,309.21 g,113.02 g
762,Rotini Tomato Pasta with 3 Minute Vegan Parmesan Cheese recipes,28.77 g,26.8 g,36.72 g
763,Portobello Sliders with Pepita Pesto,67.2 g,211.29 g,116.76 g
764,Savory Vegan Chickpea Crêpes with Spring Vegetable Ragout,47.23 g,162.33 g,31.12 g
765,Slow-Cooker Vegan Butternut Squash Soup with Apple,49.4 g,225.93 g,112.78 g
766,Vegan: Japanese Simmered Daikon with Bok Choy and Edamame Recipe,22.13 g,75.04 g,6.6 g
767,Grilled Broccoli And Bread Salad With Pickled Shallots,42.75 g,263.75 g,130.8 g
768,"Green Bean Casserole (The Vegan, Gluten Free Sequel)",37.46 g,211.74 g,147.84 g
769,Vegan Crispy Stir-Fried Tofu With Broccoli Recipe,67.23 g,204.3 g,282.72 g
770,Vegan Stuffed Squash with Brown Rice and Mushrooms recipes,70.59 g,564.75 g,78.83 g
771,Quinoa chilli with avocado & coriander,63.63 g,199.77 g,62.16 g
772,Aloo Gobi,26.33 g,176.83 g,12.93 g
773,Apple-Cranberry Cobbler,88.21 g,772.5 g,75.84 g
774,"From the Pantry: Vegan Pear, Cranberry and Pecan Muffins",31.57 g,444.44 g,162.63 g
775,Springtime Strawberry Lime Mango Crisp (Vegan + GF) recipes,48.9 g,300.82 g,142.18 g
776,Gluten-Free Tuesday: Vegan Apple Doughnuts Recipe,29.04 g,712.15 g,210.64 g
777,The Most Delicious Vegan Pad Kee Mao Recipe,86.42 g,497.8 g,386.06 g
778,Vegan Seared Pepper Tacos With Pintos And Avocado Crema,25.68 g,158.11 g,103.65 g
779,Charred aubergines with white beans & salsa verde,100.96 g,337.54 g,186.26 g
780,Yogurt Pancakes with Clementine Raspberry Compote,26.62 g,228.04 g,54.43 g
781,Curried Carrot Ginger Soup,27.43 g,175.59 g,121.69 g
782,Tomato Bisque with Cashew Cream,63.64 g,156.49 g,170.3 g
783,"Apple, Pear, And Sage Pie With Maple Walnut Crunch And Salted Honey Yogurt",77.2 g,673.23 g,194.71 g
784,Crunchy Summer Salad with Creamy Vegan Avocado Dressing,65.41 g,268.37 g,97.67 g
785,RAW VEGAN TIRAMISU with VANILLA CREAM & COFFEE LADYFINGERS recipes,102.51 g,578.68 g,263.97 g
786,"Oatmeal, Fig, and Walnut Bars",73.43 g,1059.84 g,223.88 g
787,Chickpea Miso Gravy Bowl with Sweet and Tangy Portobello Mushrooms recipes,32.73 g,191.92 g,39.61 g
788,"Oatmeal, Fig, And Walnut Bars",54.06 g,916.76 g,219.49 g
789,Vegan Spinach and Hominy Enchiladas With Spicy Cashew Cream Recipe,95.94 g,460.5 g,120.71 g
790,Crabless Cakes with Hearts of Palm & Corn recipes,34.41 g,152.22 g,43.18 g
791,"Braised Red Cabbage (Rotkraut) - (Vegan, Gluten Free, Low Fat)",19.6 g,91.74 g,39.84 g
792,High Protein Quinoa Almond Berry Salad (Vegan & GF) recipes,39.67 g,220.91 g,45.97 g
793,Nut Meat Tacos with Pickled Red Onions,43.71 g,165.56 g,91.56 g
794,"Zucchini Noodles with Roasted Tomato Sauce (Gluten-Free, Vegan)",22.79 g,88.69 g,39.57 g
795,End Of Summer Peach Apple Cobbler (Gluten-Free & Vegan),25.99 g,293.33 g,56.32 g
796,"Cranberry, Apricot And Pecan Wild Rice Pilaf (Gf + Vegan)",36.91 g,263.46 g,75.99 g
797,Fried Eggplant Sandwich With Eggplant Mayo Recipe,60.32 g,323.46 g,333.19 g
798,Overnight Cherry Chia Seed Pudding – Paleo/Gluten Free/Vegan,12.77 g,112.92 g,56.84 g
799,Fernanda Capobianco’s Pissaladière with Vegetables and Olives,43.32 g,292.33 g,229.46 g
800,Vegan Lentil Shepherd’s Pie With Parsnip And And Potato Mash,123.18 g,591.98 g,66.46 g
801,Ruby and Emerald Jeweled Rice,71.39 g,635.59 g,83.8 g
802,Creamy Penne Pasta Bake With Zucchini,72.39 g,391.05 g,92.19 g
803,Quinoa Greek Salad recipes,40.99 g,145.69 g,88.66 g
804,Pumpkin Polenta Recipe With Tomatillo-Avocado Salsa,25.55 g,215.41 g,94.48 g
805,Gluten-Free Black Bean Burgers,167.98 g,551.67 g,21.39 g
806,Creamy Polenta with Tempeh Sausage and Tomatoes,149.12 g,256.35 g,113.0 g
807,Pineapple and Shrimp Fried Quinoa recipes,88.52 g,225.53 g,98.9 g
808,STRAWBERRY + CHOCOLATE CHEESECAKE recipes,90.62 g,426.23 g,303.42 g
809,French Toast with Caramelized Bananas (Vegan and Gluten-Free) recipes,30.81 g,252.81 g,116.54 g
810,Black Bean And Butternut Squash Burritos,80.91 g,322.43 g,60.9 g
811,Jicama and Pomelo Salad With Spicy Thai Dressing (Vegan) Recipe,20.97 g,83.67 g,19.59 g
812,Recipe: Best-Ever Veggie Burger,78.27 g,305.53 g,27.28 g
813,Red Lentil Spaghetti With Vegan Cauliflower Rosa Sauce and Arugula,68.96 g,372.57 g,26.63 g
814,Dried Olive and Miso Shake (The Best Vegan Parmesan Substitute) Recipe,12.55 g,40.94 g,74.64 g
815,Vietnamese-Style Tofu Hero with Asian Slaw,49.71 g,65.14 g,96.03 g
816,"A Recipe For Long Grain Brown Rice Pilaf (Vegan, Gluten Free)",43.94 g,188.1 g,47.11 g
817,Hazelnut Fig Crackers with Sage and Black Pepper,167.2 g,358.87 g,455.11 g
818,crunchy quinoa & veggie roaster,47.61 g,172.48 g,94.06 g
819,Chocolate Cake with Chocolate-Orange Frosting,37.4 g,726.63 g,235.54 g
820,Aloo Gobi,27.03 g,181.02 g,31.83 g
821,Vegan Olive Oil Cake (adapted from Maialino's Olive Oil Cake),59.98 g,595.67 g,315.33 g
822,Cashew Cheesecake,87.42 g,376.41 g,316.17 g
823,Creamy Coconut & Roasted Beet Soup with Pistachios & Greek Yogurt,53.36 g,194.74 g,139.46 g
824,"Pasta With Snap Peas, Garlic, Lemon Zest, and Black Pepper (Vegan) Recipe",43.66 g,212.0 g,58.57 g
825,Curried Chickpea Sandwich,81.73 g,310.6 g,118.26 g
826,"Gluten-Free, Vegan, and Oil-Free Walnut Chip Brownies recipes",48.32 g,425.34 g,81.89 g
827,Gluten Free Green Bean Casserole,101.87 g,445.89 g,688.94 g
828,Cashew cream fettuccine Alfredo with sauteed spinach and cheese crisps (gluten-free),134.51 g,486.89 g,259.0 g
829,"Vegan Peanut, Sweet Potato, and Kale Soup With Coconut Recipe",102.57 g,257.64 g,466.14 g
830,Maple-Glazed Sweet Potatoes (Japanese Daigaku Imo Style) w/Vegan option,9.74 g,183.18 g,83.83 g
831,Sweet Potato and Mushroom Cannelloni with Braised Escarole and Butter Beans (Vegan) Recipe,98.62 g,443.0 g,40.15 g
832,"A Recipe for Long Grain Brown Rice Pilaf (Vegan, Gluten Free)",31.85 g,171.16 g,41.35 g
833,Creamy Zucchini Soup With Scallions And Brazil Nut Chili Oil (Vegan),18.0 g,47.86 g,115.43 g
834,20 Minute Apple Turnovers,10.46 g,194.67 g,32.94 g
835,"Fat Tommy’s Three-Bean, Gluten-Free, Vegan Chili Recipe",171.0 g,580.93 g,51.33 g
836,"Cumin Scented Kale with Onions, Tomatoes and Mushrooms (Vegan and Gluten Free)",23.34 g,55.86 g,6.25 g
837,Grilled Marinated Heart of Palm Tacos With Spicy Cabbage Slaw (vegan) Recipe,37.49 g,199.1 g,58.73 g
838,"Spicy, Smoky Bean Cakes with Lime Slaw and Charred Avocado Recipe",66.35 g,249.4 g,71.01 g
839,Curried Lentils with Quick-Pickled Veggies,225.55 g,590.44 g,50.12 g
840,Whole-Grain Vegan Carrot Cake Loaf with Lemon Glaze recipes,49.39 g,381.92 g,102.7 g
841,Chocolate Cake with Chocolate-Orange Frosting recipes,37.4 g,726.63 g,235.54 g
842,Hearty Vegan Polenta and Kale Soup With Miso and Toasted Sesame Oil Recipe,23.03 g,167.07 g,101.79 g
843,Mushroom and Eggplant Veggie Burgers,118.09 g,385.66 g,106.3 g
844,Blissful Blueberry Banana Spelt Muffins (vegan + refined sugar-free) recipes,63.99 g,445.42 g,104.56 g
845,Pesto Knots,67.14 g,203.94 g,87.54 g
846,J. Kenji López-Alt's 15-Minute Creamy (Vegan) Tomato Soup,27.5 g,129.28 g,116.19 g
847,Southwestern Crispy Fish Taco Salad,115.47 g,258.63 g,243.6 g
848,Sinless Sticky Toffee Pecan Pudding recipes,26.85 g,625.68 g,137.41 g
849,Kentucky fried seitan,317.43 g,703.99 g,534.41 g
850,Quinoa Maki with Avocado and Cajun Portobello Fillets,30.0 g,115.55 g,99.36 g
851,Indian Stuffed Eggplant,66.39 g,327.51 g,151.81 g
852,"Spicy Peanut Noodle Salad With Cucumbers, Red Peppers, and Basil (Vegan) Recipe",97.38 g,284.55 g,128.74 g
853,Vegan Pumpkin Pie Squares with Gluten-Free Graham Cracker Crust recipes,12.97 g,240.28 g,95.85 g
854,Lemon Glazed Spice Cake With Whipped Cream,29.85 g,482.83 g,78.11 g
855,Cozy Yellow Curry Vegetable Soup,46.9 g,136.01 g,90.04 g
856,"Japanese Udon With Mushroom-Soy Broth, Stir-Fried Mushrooms, and Cabbage (Vegan) Recipe",6.82 g,20.1 g,3.16 g
857,"Tempeh, Pepper, and Spinach-Pesto Sandwich",88.15 g,164.82 g,78.16 g
858,Sweet potato & black bean chilli with zesty quinoa,70.17 g,302.2 g,66.07 g
859,"ULTIMATE RAW VEGAN PIZZA (LOW-FAT, OIL-FREE, SALT-FREE) recipes",26.97 g,147.83 g,5.81 g
860,"Oven Roasted Portobello Mushrooms marinated in Balsamic (Vegan, Gluten Free) Vinegar, Shallots and Thyme",10.23 g,86.04 g,1.3 g
861,Yellow Split Pea Soup recipes,122.34 g,325.46 g,68.41 g
862,Banana-Coconut Cake Recipe,55.36 g,1063.72 g,621.42 g
863,Party Vegan's Porcini-stuffed Seitan with Wild Mushroom Sauce Recipe,273.14 g,433.03 g,89.55 g
864,Steamed Buns with Tempura King Oyster Mushrooms and Agave-Miso Mayonnaise (Vegan) Recipe,75.31 g,498.92 g,898.55 g
865,Mexican Chocolate Cake,37.67 g,460.63 g,87.47 g
866,"All the Veggies In Your Fridge, Stir-Fry (Low Oil, Vegan, GF)",10.96 g,123.44 g,15.73 g
867,CHIPOTLE JACKFRUIT TACOS WITH SIMPLE GUAC AND LEMON ORANGE CREMA,35.85 g,463.12 g,106.43 g
868,Crispy Bánh Mì Spring Rolls With Creamy Chili Mayo Recipe,12.93 g,389.9 g,1831.34 g
869,"Mediterranean White Beans with Sun Dried Tomatoes, Mushrooms, Garlic and Thyme (vegan, gluten free)",96.57 g,251.63 g,30.86 g
870,The Ultimate Rich and Creamy Vegan Ramen With Roasted Vegetables and Miso Broth Recipe,3.4 g,15.57 g,9.12 g
871,Jeweled Rice (Iranian / Persian Morausa Polo),66.05 g,572.85 g,202.78 g
872,Ginger-Apple Crumble Pie (Gluten And Dairy-Free),43.69 g,447.5 g,213.05 g
873,"Look Ma No Dairy! - Creamy Parnsnip Soup with Granny Smith Apples (Vegan, Gluten Free)",125.36 g,322.67 g,170.22 g
874,Sassy Springtime Rolls,53.3 g,189.63 g,35.99 g
875,"Spicy Sauteed Kale with Pan Roasted Garlic, Currants and Sun Flower Seeds (Vegan, gluten free)",22.66 g,74.51 g,50.5 g
876,"Don't Die on Me Man - A Comforting and Healing Spicy Soup (Vegan, Gluten Free)",55.94 g,109.29 g,19.87 g
877,Maple Cinnamon Mashed Sweet Potatoes recipes,41.97 g,402.47 g,162.37 g
878,"Sichuan Shirataki Sesame Noodle Salad With Cucumber, Sichuan Peppercorn, Chili Oil, and Peanuts (Vegan) Recipe",54.67 g,207.71 g,111.88 g
879,Basil Thai Noodles with Bison and Zucchini + Spicy Quick Pickled Cucumber,130.67 g,270.48 g,126.89 g
880,Beetroot Tart Tatin,26.4 g,161.98 g,184.31 g
881,Beetroot & squash Wellingtons with kale pesto,125.44 g,610.67 g,332.9 g
882,Warm Couscous Salad w/ Olives + Pine Nuts,46.78 g,201.6 g,85.61 g
883,15 Minute No Bake Energy Bites,25.38 g,166.43 g,34.64 g
884,"Carrot ""Lox""",2.53 g,16.67 g,0.7 g
885,Coconut Mashed Sweet Potatoes,23.13 g,253.62 g,48.98 g
886,Buckwheat Tortillas,45.44 g,255.23 g,44.91 g
887,Coconut chutney,11.96 g,48.23 g,47.49 g
888,Rich Chocolate Ganache Topping Recipe,5.78 g,103.65 g,34.42 g
889,Stuffed Mediterranean Baked Potato,38.87 g,199.05 g,9.32 g
890,Sweet potato crisps,0.38 g,4.9 g,6.76 g
891,Tangerine Thyme Cooler,13.56 g,282.89 g,5.09 g
892,Cashew Cream Recipe,51.27 g,112.82 g,123.1 g
893,Raspberry sorbet,6.64 g,265.07 g,3.42 g
894,Warm Shredded Carrot Salad with Carrot Greens,4.78 g,37.16 g,14.42 g
895,"Creamy, Zesty ""Cheese"" Dip",70.88 g,81.86 g,64.78 g
896,Coconut Whipped Cream,14.41 g,34.64 g,137.64 g
897,Fudgy Oat Milk Frappuccino Dream,35.75 g,172.96 g,95.0 g
898,Spinach & chickpea dhal,39.86 g,108.47 g,68.16 g
899,Apple Pie Overnight Oats Recipe,74.41 g,185.78 g,142.31 g
900,Georgian Spinach Walnut Dip- Ispanakhis Pkhali,10.33 g,24.49 g,46.08 g
901,Spicy roast chickpeas,29.12 g,93.28 g,16.66 g
902,Tuscan Tomato Soup,53.19 g,174.27 g,38.44 g
903,Sesame stir-fry wrap,14.55 g,52.11 g,22.85 g
904,Black Bean-Sweet Potato Burritos,173.91 g,779.52 g,60.98 g
905,Tofu Scramble Fried Rice,33.95 g,117.22 g,28.08 g
906,Mint Chocolate Chip Nice Cream,10.98 g,112.7 g,61.85 g
907,Minted green bean salad,11.75 g,46.65 g,41.95 g
908,Wilted Spinach Salad with Coconut Bacon,1.02 g,3.37 g,6.74 g
909,Cucumber-Jalapeño Popsicles,6.27 g,72.05 g,1.17 g
910,Spaghetti Carbonara,89.88 g,234.58 g,104.78 g
911,"Bean, tomato & watercress salad",98.39 g,331.35 g,36.72 g
912,Minted green bean salad,12.0 g,47.97 g,41.97 g
913,Baked Almond Feta,47.14 g,46.8 g,154.91 g
914,Raspberry ripple chia pudding,20.18 g,81.74 g,23.28 g
915,Indian Spiced Lentil Soup,146.81 g,474.58 g,40.73 g
916,Classic Cashew Cheese,58.6 g,67.87 g,63.93 g
917,Roasted Squash and Raw Carrot Soup Recipe,36.24 g,277.34 g,126.3 g
918,Keep it green sandwich,14.92 g,53.41 g,32.27 g
919,Smoky Charred Cauliflower and Potato Soup With Kale Recipe,38.9 g,228.69 g,31.37 g
920,Onigiri,28.7 g,312.65 g,29.67 g
921,Chilli-charred Brussels sprouts,22.01 g,64.6 g,57.28 g
922,"Colcannon Inspired, Spicy Asian Sweet Potato Salad",49.57 g,318.05 g,40.73 g
923,Miso aubergines,27.61 g,143.46 g,19.33 g
924,Golden beet hummus,40.89 g,119.51 g,112.69 g
925,Eggplant Arrabbiata,65.83 g,370.1 g,76.85 g
926,Coconut Nice,48.71 g,819.39 g,262.56 g
927,Cashew “Hollandaise”,6.59 g,13.61 g,42.48 g
928,ORANGE TARRAGON FRUIT LEATHER,10.5 g,71.22 g,25.36 g
929,Roasted pear with walnut & ginger filling,17.33 g,176.0 g,60.98 g
930,Dairy Free Chocolate Coconut Ice Cream,10.2 g,73.41 g,86.47 g
931,Hearty Winter Vegetable Soup Recipe,34.01 g,168.55 g,21.55 g
932,Spinach & chickpea curry,70.74 g,222.0 g,26.18 g
933,Roasted cherry tomato and eggplant pasta,71.33 g,454.7 g,9.06 g
934,Cassava Bacon,11.08 g,186.49 g,22.83 g
935,Crispy Fried Chickpea Cake and Slaw Sandwiches Recipe,102.28 g,465.63 g,170.32 g
936,"Linguine with avocado, tomato & lime",24.41 g,137.68 g,32.28 g
937,Gluten Free Cauliflower Kale Pesto Pizza,25.86 g,42.4 g,84.09 g
938,Pumpkin Pie Tarts,121.77 g,431.62 g,291.01 g
939,Melon Milk Pops,14.53 g,133.36 g,11.26 g
940,Vegetarian Enchiladas,70.42 g,272.88 g,34.95 g
941,"""Chorizo"" Tacos From 'The VB6 Cookbook'",92.83 g,143.99 g,76.85 g
942,Parsnip and Chestnut Bisque,14.41 g,225.76 g,55.78 g
943,Barley & broccoli risotto with lemon & basil,18.12 g,99.9 g,31.15 g
944,Butter bean & tomato salad,38.38 g,123.71 g,46.77 g
945,"Fried Plantains With Black Beans, Roasted Poblanos, Avocado, and Pickled Red Onion Recipe",45.04 g,349.94 g,318.04 g
946,Avocado hummus & crudités,55.34 g,192.09 g,43.34 g
947,Watermelon-Strawberry Popsicles,4.81 g,76.54 g,1.69 g
948,Dairy Free Tzatziki,33.82 g,88.14 g,62.31 g
949,Cook the Book: Lasagna with Roasted Cauliflower Ricotta and Spinach,96.05 g,125.05 g,37.69 g
950,Mexican chocolate chickpea brownie,140.86 g,703.55 g,233.35 g
951,Squash & spinach fusilli with pecans,26.33 g,128.24 g,19.96 g
952,Guacamole & mango salad with black beans,32.88 g,143.89 g,25.03 g
953,Butter bean & tomato salad,39.49 g,126.57 g,47.07 g
954,Leek seeni sambol,6.42 g,47.99 g,23.82 g
955,Parsnip gnocchi,48.6 g,271.55 g,78.89 g
956,Soondubu Jjigae (Korean Soft Tofu Stew) Recipe,131.98 g,56.1 g,190.38 g
957,Syrian Hummus,60.77 g,194.69 g,122.04 g
958,Kohlrabi Fritters,27.12 g,73.76 g,56.02 g
959,Luxury hummus,148.12 g,462.54 g,174.66 g
960,Strawberry-Mango Nice Cream,4.37 g,69.68 g,1.98 g
961,Peanut and Coke Sorbet Recipe,46.68 g,276.31 g,102.94 g
962,Tofu Tacos,74.68 g,180.41 g,66.77 g
963,Fennel Pistachio Cauliflower Steaks,34.0 g,89.7 g,59.78 g
964,Quinoa and lentil salad with arugula,77.4 g,272.33 g,67.77 g
965,Cauliflower steaks with roasted red pepper & olive salsa,16.25 g,39.91 g,39.3 g
966,Asparagus & lemon spaghetti with peas,34.55 g,164.06 g,31.77 g
967,Veggie tahini lentils,84.45 g,227.58 g,59.23 g
968,Roasted squash & red onion with pistachios,16.0 g,115.48 g,42.67 g
969,Citrus Lime Tofu Salad,27.09 g,20.25 g,31.08 g
970,Burnt leeks on toast with romesco,52.01 g,258.41 g,57.4 g
971,Marinated Kale and Chickpea Salad With Sumac Onions Recipe,50.3 g,135.85 g,33.68 g
972,Beefless Ground Beef,41.35 g,11.42 g,32.61 g
973,Veggie-loaded flatbread,51.57 g,187.8 g,72.72 g
974,Gluten-Free Apple and Walnut Pakoda/Fritters,21.6 g,152.21 g,42.09 g
975,Beet Tartare,27.2 g,108.07 g,62.82 g
976,Slow-Cooker Creamy Lentil Soup Freezer Pack,71.2 g,184.75 g,16.0 g
977,Egg-Free and Dairy-Free Pumpkin Pudding,17.97 g,108.25 g,91.53 g
978,Spaghetti with a Creamy Zucchini & Mint Sauce,38.17 g,194.22 g,12.32 g
979,Pesto Tortilla Pizza,56.56 g,269.32 g,155.67 g
980,Gluten-Free Apple Hand Pies Recipe,23.5 g,425.1 g,101.1 g
981,Veggie Sandwich,9.87 g,48.35 g,10.98 g
982,Toasted Paprika Chickpeas,30.39 g,99.03 g,28.82 g
983,Healthy Broccoli and Cheese Soup,67.06 g,97.78 g,8.01 g
984,Garlic Mashed Cauliflower,17.51 g,49.52 g,43.95 g
985,Butternut Squash and Quinoa Pilaf,28.77 g,160.17 g,42.8 g
986,Crispy sweet potatoes with chickpeas & tahini yogurt,55.06 g,246.11 g,100.18 g
987,Sweet potato Tex-Mex salad,51.93 g,283.57 g,91.4 g
988,Mushroom Beet Black Bean Burger,60.14 g,138.46 g,27.25 g
989,Cauliflower Steaks with Olive Salsa and Roasted Tomato Sauce,23.27 g,96.18 g,29.35 g
990,Veggie olive wraps with mustard vinaigrette,6.84 g,34.45 g,13.26 g
991,Smoky Potato and Caper Empanadas With Cilantro Sauce Recipe,48.15 g,374.31 g,1930.24 g
992,Aubergine & chickpea bites,60.56 g,259.79 g,59.97 g
993,Shortbread Pecan Pie Crust,30.42 g,129.38 g,155.44 g
994,Zucchini Cannelloni with Cashew sauce,42.87 g,80.26 g,34.37 g
995,Sweet potato & cauliflower lentil bowl,66.52 g,222.82 g,47.41 g
996,Summertime Lentil Salad With Mango,15.05 g,51.05 g,17.71 g
997,Curried parsnip soup shots,30.68 g,141.37 g,32.54 g
998,Chilli & avocado salsa sweet potatoes,46.0 g,212.41 g,40.19 g
999,Autumn Apple Pumpkin Soup,16.38 g,140.73 g,50.33 g
1000,Cook the Book: Garlicky Mushrooms and Kale,24.96 g,50.66 g,9.31 g
1001,Raspberry-Banana Sorbet,10.18 g,107.83 g,4.89 g
1002,Miso roasted tofu with sweet potato,80.17 g,115.44 g,75.36 g
1003,Citrus Collards with Raisins Redux,6.65 g,92.0 g,14.69 g
1004,My children love beet salad!,21.29 g,95.81 g,50.29 g
1005,Edamame & Veggie Rice Bowl,9.58 g,43.75 g,26.11 g
1006,Sautéed Spinach,14.23 g,19.32 g,10.81 g
1007,Tuscan Hummus,77.06 g,228.87 g,73.14 g
1008,Tangy Teriyaki Salmon,431.1 g,39.47 g,276.51 g
1009,Graham Cracker Cinnamon Rolls (the best ever!),41.53 g,395.99 g,94.71 g
1010,"""Chocomole"" Pudding",37.32 g,445.2 g,117.05 g
1011,Broccoli Slaw w/ Mustard Vinaigrette,11.45 g,50.78 g,15.07 g
1012,Pesto Stuffed Mushrooms,16.01 g,40.09 g,31.17 g
1013,Edamame Spread,1.65 g,4.08 g,18.65 g
1014,Escalivada (Smoky Slow-Roasted Vegetables),15.04 g,78.65 g,74.96 g
1015,Coconut Almond Chia Seed Pudding Recipe,26.13 g,107.65 g,60.6 g
1016,Cucumber-Avocado Cauliflower Rice Sushi,18.14 g,60.4 g,149.24 g
1017,"Amaranth ""Risotto"" With Mushrooms",87.04 g,417.85 g,126.84 g
1018,Garlicky mushroom penne,41.4 g,171.31 g,23.15 g
1019,West Indian spiced aubergine curry,11.25 g,69.45 g,15.4 g
1020,Roasted aubergine & tomato curry,20.68 g,90.56 g,125.12 g
1021,"Cauliflower, squash, coconut & lentil curry",77.02 g,241.44 g,118.3 g
1022,Ripe's Eggplant Romesco Rigatoni,64.71 g,293.29 g,70.69 g
1023,Date and Fennel Tofu Scramble,78.01 g,165.29 g,65.14 g
1024,Caramelized Onion Hummus,73.91 g,236.99 g,191.25 g
1025,Asian Bulgur Wheat Salad,20.18 g,99.19 g,29.31 g
1026,Roast asparagus bowls with tahini lemon dressing,38.85 g,152.63 g,26.53 g
1027,"Tomato, Fennel, and Crab Soup",76.04 g,175.31 g,101.06 g
1028,Pasta with Broccoli and Cauliflower,71.61 g,273.57 g,34.28 g
1029,Tuscan Black Cabbage Bruschetta - (Crostoni Di Cavolo Nero),15.29 g,69.67 g,4.0 g
1030,Black-Eyed Pea and Tempeh Beanballs,89.8 g,120.96 g,41.04 g
1031,"Spanish Rice with Chorizo, Beans and Peas",176.64 g,432.46 g,209.06 g
1032,Cauliflower Cilantro Salad Recipe,11.07 g,41.95 g,42.2 g
1033,"Spicy, Peanutty Udon with Kale",32.54 g,85.66 g,35.11 g
1034,Satay noodle soup,13.54 g,53.94 g,39.2 g
1035,Raw Chocolate Ganache Cake,42.13 g,240.67 g,153.62 g
1036,"#SPINACH #LASAGNA my #Caribbean favourite, #Delicious #Nutritious #Vegetarian",165.9 g,333.74 g,548.55 g
1037,"Tempeh ""Chicken"" Salad",26.8 g,23.75 g,24.2 g
1038,Easy Chickpea Curry,201.31 g,843.44 g,267.99 g
1039,Mint & basil griddled peach salad,23.36 g,118.14 g,42.51 g
1040,Seasoned Black-Eyed Peas,16.32 g,101.48 g,30.38 g
1041,Southwest Sweet Potato Salad,52.07 g,266.82 g,62.04 g
1042,Braised Green Beans with Tomatoes,17.49 g,77.86 g,70.2 g
1043,Curried Cauliflower Soup with Roasted Tomatoes,22.49 g,77.48 g,52.77 g
1044,Gluten-Free Banana Flapjacks,21.33 g,185.77 g,33.69 g
1045,Baked Potato Soup with Crunchy Potato Skins,36.82 g,279.22 g,56.47 g
1046,Baked Sweet Potatoes with Spiced Lentil Salad & Lemon Tahini Dressing,98.97 g,347.21 g,116.32 g
1047,Pistachio Gelato,0.48 g,75.19 g,155.03 g
1048,Japanese Tabbouleh with Cilantro & Tofu,57.81 g,24.75 g,42.47 g
1049,Dairy-Free Spinach Stuffed Shells,156.82 g,426.75 g,85.12 g
1050,Greek Potato Salad,49.15 g,416.81 g,110.81 g
1051,West Coast Avocado Toast,15.07 g,42.1 g,21.11 g
1052,Cook the Book: Brussels Sprout-Potato Hash,18.46 g,110.8 g,10.42 g
1053,Red Lentil Dhal,93.79 g,232.77 g,13.92 g
1054,Chilled spicy tahini noodle bowl,147.05 g,367.86 g,120.65 g
1055,Stuffed pumpkin,45.99 g,241.59 g,104.45 g
1056,Chickpea & roasted parsnip curry,80.48 g,352.46 g,142.46 g
1057,Charred Green Beans with Mustard Vinaigrette & Hazelnuts,13.8 g,38.34 g,62.36 g
1058,Summer Vegetable Tian,11.57 g,52.41 g,74.19 g
1059,Maple Walnut Banana Bread,19.51 g,192.39 g,49.08 g
1060,Mushroom Quinoa Soup,32.24 g,133.05 g,34.29 g
1061,My children love beet salad!,20.11 g,92.55 g,50.04 g
1062,Egyptian courgettes with dukkah sprinkle,61.46 g,188.94 g,43.4 g
1063,Cream of Cashew Pea Soup,84.33 g,232.63 g,196.13 g
1064,Banana “Ice Cream”,5.11 g,106.25 g,1.93 g
1065,Peach Pie Ice Cream,14.16 g,188.15 g,45.56 g
1066,Cider & Honey Kohlrabi Slaw with Radicchio,11.24 g,94.37 g,47.86 g
1067,Pumpkin Seed Dip,222.79 g,307.84 g,1042.73 g
1068,Lentil ragu with courgetti,147.6 g,431.43 g,42.09 g
1069,Indian Spiced Broccoli and Potato Hash,9.39 g,47.36 g,10.47 g
1070,Eggplant Pide (or Eggplant Boats),87.94 g,350.33 g,36.43 g
1071,Jambalaya,109.58 g,533.45 g,39.66 g
1072,Curried Millet with Chickpeas and Currants,43.83 g,222.77 g,55.67 g
1073,Spaghetti puttanesca with red beans & spinach,34.11 g,141.84 g,20.31 g
1074,"Chilaquiles With Pepitas, Charred Corn, and Black Beans Recipe",73.23 g,371.82 g,160.37 g
1075,Pumpkin Maple Milkshake,1.87 g,21.6 g,4.41 g
1076,Tofu Jerky,73.15 g,29.96 g,40.14 g
1077,Carrot Cake Bites,33.15 g,320.19 g,189.16 g
1078,Vegetarian Jambalaya,110.18 g,519.84 g,39.84 g
1079,"Roast Chicken Dinner Potato Chips With Mushrooms, Lemon, and Thyme Recipe",24.46 g,16.85 g,1.91 g
1080,Zucchini Curry,27.75 g,90.49 g,123.34 g
1081,Hearty lentil one pot,84.58 g,333.89 g,48.88 g
1082,Mom's Favorite Blueberry-Bran Muffins,32.27 g,312.66 g,80.36 g
1083,Creamy Instant Pot Coconut Red Lentils,122.43 g,334.72 g,54.58 g
1084,Quinoa Bowl With Tahini Dressing,67.06 g,209.97 g,112.65 g
1085,Lentil lasagne,128.98 g,425.86 g,24.86 g
1086,Spiced mushroom & lentil hotpot,211.12 g,617.15 g,37.22 g
1087,Roasted Vegetable & Black Bean Tacos,19.25 g,94.02 g,28.49 g
1088,Pumpkin curry with chickpeas,46.43 g,174.03 g,112.36 g
1089,Cook the Book: Lentil and Eggplant Chili Mole,67.53 g,234.06 g,14.49 g
1090,"Spinach, sweet potato & lentil dhal",73.66 g,251.11 g,18.46 g
1091,"Crispy Potato, Onion, and Mushroom Rösti Recipe",12.68 g,80.54 g,68.43 g
1092,Carrot Dog Pigs in a Blanket,27.61 g,150.93 g,9.46 g
1093,Mung Dal shorba (mung dal soup),9.88 g,25.24 g,76.3 g
1094,Quinoa Chickpea Salad with Roasted Red Pepper Hummus Dressing,26.62 g,89.01 g,9.54 g
1095,Stuffed Mediterranean Baked Potato,45.76 g,218.21 g,22.86 g
1096,Homemade Seitan,253.43 g,128.26 g,12.5 g
1097,Tastiest Miso Soup,43.75 g,124.7 g,46.01 g
1098,Black Bean Corn Avocado Salsa,46.41 g,182.86 g,145.78 g
1099,Spinach with Pine Nuts and Raisins,37.77 g,162.01 g,62.19 g
1100,Pasta with Broccoli Pesto,82.43 g,393.15 g,60.18 g
1101,"Squash, Kale, and Wild Rice Pilaf",38.08 g,199.4 g,27.49 g
1102,Sesame parsnip & wild rice tabbouleh,40.07 g,233.5 g,72.6 g
1103,"Cabbage, Bean and Crispy Cale Soup",95.38 g,399.58 g,45.6 g
1104,Creamy Matcha White Chocolate Pudding,13.22 g,81.76 g,47.48 g
1105,Strawberry Nice Cream,5.66 g,89.79 g,2.18 g
1106,"Chickpea, tomato & spinach curry",79.3 g,242.05 g,65.03 g
1107,Avocado Pesto Pasta,31.84 g,118.21 g,296.65 g
1108,Chole Masala,48.03 g,168.93 g,27.82 g
1109,Asian Eggplant Stir fry,15.96 g,120.62 g,15.11 g
1110,Quinoa Chili,89.06 g,298.89 g,14.26 g
1111,Mushroom Tacos with Charred-Corn Salsa,31.89 g,162.99 g,116.81 g
1112,Thai-Scented Asparagus Soup,39.86 g,85.84 g,109.29 g
1113,General Tso's Cauliflower,26.4 g,58.48 g,52.18 g
1114,Brown Rice Risotto with Mushrooms,42.67 g,384.54 g,95.64 g
1115,Sweet Potato Chickpea Curry,52.71 g,195.01 g,46.65 g
1116,Choc-cherry fudge torte with cherry sorbet,62.73 g,1054.37 g,159.57 g
1117,Hearty White Bean and Spinach Soup with Rosemary and Garlic Recipe,38.21 g,121.5 g,56.68 g
1118,"Cucumber, Shallot, and Tomato Salad",5.57 g,39.21 g,14.3 g
1119,Recipe: Curried Cauliflower Chowder,30.01 g,134.87 g,86.19 g
1120,Corn & split pea chowder,76.4 g,287.4 g,27.47 g
1121,Pumpkin Pie Nice Cream,9.86 g,168.39 g,3.01 g
1122,Warm Farro with Mushrooms and Crispy Beets,32.67 g,143.15 g,30.32 g
1123,Tofu Cashew Noodles With Snow Peas,132.93 g,276.79 g,137.04 g
1124,Cannellini Bean & Roasted Red Pepper Sandwich,88.04 g,263.7 g,20.91 g
1125,Spicy Pineapple and Tequila Sorbet Recipe,5.46 g,326.46 g,1.24 g
1126,Ají (Colombian-Style Tomato and Onion Salsa) Recipe,2.92 g,12.61 g,0.63 g
1127,Smoked Cauliflower Soup,49.78 g,134.47 g,17.29 g
1128,No-Cook Black Bean Salad,44.49 g,159.15 g,61.72 g
1129,Buffalo-Style Quinoa Chili,39.63 g,187.22 g,25.32 g
1130,Seitan & black bean stir-fry,119.84 g,191.43 g,53.95 g
1131,Kadala curry,73.23 g,254.76 g,89.89 g
1132,Greek Salad Wraps,62.05 g,275.99 g,93.62 g
1133,Cauliflower curry,26.67 g,98.4 g,82.57 g
1134,Savory Tempeh Crumbles,43.86 g,24.95 g,34.17 g
1135,Thai-Style Chopped Salad with Sriracha Tofu,73.37 g,51.78 g,97.29 g
1136,Steamed Jackfruit Buns,32.97 g,516.13 g,79.82 g
1137,Roasted Sweet Potato Salad,18.94 g,150.93 g,49.5 g
1138,Spiced aubergine bake,45.99 g,265.59 g,132.97 g
1139,Raw Kale Salad With Honey Apple Cider Vinaigrette,14.09 g,68.15 g,77.95 g
1140,Cook the Book: Bengali Squash with Chickpeas,19.96 g,116.01 g,49.17 g
1141,Sri Lankan runner bean curry,34.33 g,107.96 g,119.4 g
1142,"Ajo Blanco (Spanish Chilled ""White Gazpacho"" Bread and Almond Soup) Recipe",43.39 g,90.72 g,95.4 g
1143,Chickpea patties,55.28 g,157.14 g,36.8 g
1144,Twice-Roasted Miniature Pumpkins with Onions and Thyme,31.28 g,151.92 g,57.22 g
1145,Raw hazelnut brownies with chocolate ganache,64.45 g,516.22 g,181.61 g
1146,Miso Ramen with Roasted Vegetables,103.59 g,601.06 g,169.47 g
1147,Curried Potato and Carrot Soup Recipe,42.88 g,322.28 g,109.06 g
1148,Roasted Cauliflower with Tahini and Goji Berries Recipe,17.46 g,53.43 g,37.31 g
1149,Thai Curry Ice Cream,18.6 g,248.87 g,156.02 g
1150,Butternut Squash and Black Bean Tacos,49.82 g,230.23 g,66.95 g
1151,Quinoa Black Bean Summer Salad with Tahini Dressing,118.34 g,461.48 g,66.81 g
1152,Spicy Beet and Spinach Stir-Fry Over Sesame Rice,22.09 g,186.31 g,39.09 g
1153,Sticky noodles with homemade hoisin,28.65 g,123.53 g,25.96 g
1154,Coconut curry noodle bowl,109.71 g,374.79 g,157.21 g
1155,"Roasted cauliflower, tomato and chickpea bowl",73.87 g,345.96 g,60.67 g
1156,Teriyaki Tofu Summer Rolls,71.8 g,259.72 g,28.1 g
1157,Kisir,42.33 g,270.29 g,107.38 g
1158,Black Bean Burgers,77.08 g,309.03 g,45.43 g
1159,Thai Zucchini-Coconut Soup,14.83 g,79.0 g,57.34 g
1160,Press-In Gluten-Free Pie Crust,36.74 g,100.91 g,130.56 g
1161,Spice-crusted tofu with kumquat radish salad,49.48 g,66.44 g,56.12 g
1162,Cauliflower + Red Lentil Curry,71.24 g,193.75 g,117.33 g
1163,Indian Saag with Chickpeas,84.13 g,249.24 g,57.59 g
1164,Lots O'Laksa (Malaysian-Style Chicken Soup),153.7 g,174.14 g,182.31 g
1165,Balsamic Mushroom Pasta,69.05 g,225.51 g,60.5 g
1166,Healthy & Delicious: Herb-Scalloped Potatoes Recipe,44.55 g,169.93 g,17.37 g
1167,Moroccan Pumpkin and Chickpea Stew,13.47 g,63.18 g,4.32 g
1168,Marshmallow Cream,71.91 g,730.58 g,0.09 g
1169,Sweet Potato Hash Stuffed Portobello Mushrooms,25.75 g,112.86 g,81.42 g
1170,Pickled Red Onions,3.43 g,38.47 g,0.31 g
1171,"Potato, Asparagus & Mushroom Hash",25.67 g,131.88 g,43.33 g
1172,Pasta With Braised Broccoli and Tomato Recipe,99.53 g,467.16 g,68.61 g
1173,German American Potato Salad,30.46 g,213.44 g,110.53 g
1174,Chocolate Icebox Cake,66.39 g,297.87 g,259.06 g
1175,Lentil Burgers,99.48 g,315.18 g,31.22 g
1176,"Summer Quinoa Salad, Mexican-Style",34.44 g,181.0 g,48.88 g
1177,Kale and Potato Mash with Romesco Sauce,31.94 g,198.87 g,30.33 g
1178,Creamy Ginger-Asparagus Soup,15.29 g,60.62 g,81.98 g
1179,"Sweet Potato, Kale & Chicken Salad with Peanut Dressing",126.37 g,117.56 g,71.8 g
1180,Whipped Frozen Pink Lemonade,6.45 g,137.75 g,48.82 g
1181,Buddha bowl with grilled tofu and gluten-free white beer,91.78 g,255.89 g,70.28 g
1182,Stewed Chickpeas and Chard over Garlic Toast,59.12 g,224.37 g,60.29 g
1183,Tuscan white beans w/ roasted vegetables,149.35 g,411.98 g,43.73 g
1184,"Tamari Roasted ""Crack"" Almonds",64.31 g,63.69 g,142.94 g
1185,Chia Chipotle Dressing From 'Salad Samurai',3.5 g,34.27 g,31.23 g
1186,Squash Risotto,59.38 g,209.97 g,32.81 g
1187,Hippie Loaf,44.17 g,172.18 g,17.81 g
1188,"Carrot and Rye Berry Salad With Celery, Cilantro, and Marcona Almonds Recipe",38.18 g,117.41 g,114.49 g
1189,Smoky Tofu Chili,69.77 g,135.28 g,48.41 g
1190,Quinoa Stuffed Peppers,114.85 g,276.83 g,160.19 g
1191,Gobhi Mussallam,44.76 g,75.01 g,68.9 g
1192,Roasted aloo gobi,36.81 g,175.89 g,66.91 g
1193,Tahini Noodles,97.68 g,440.21 g,72.93 g
1194,Chocolate Coconut Ice Cream Mochi,45.56 g,469.36 g,233.65 g
1195,Rainbow Swiss Chard and Lemon Stir-Fry,29.15 g,167.53 g,51.66 g
1196,'Akara' aka bean or lentil fritters,48.67 g,130.15 g,44.12 g
1197,Braised Winter Vegetable Pasta,59.4 g,297.09 g,35.46 g
1198,Favorite Fall Orzo Salad,50.82 g,207.74 g,89.08 g
1199,Sneaky Collards Recipe,55.67 g,118.96 g,38.34 g
1200,Best veggie stir fry,46.21 g,246.43 g,202.85 g
1201,The Crisper Whisperer: Gingered Butternut Soup Recipe,62.04 g,340.05 g,47.92 g
1202,Tofu Poke,72.95 g,157.18 g,65.14 g
1203,Hummus and Mint Veggie Burgers,75.73 g,270.57 g,86.9 g
1204,Thin Mint Smoothie,5.29 g,44.03 g,10.04 g
1205,Beans and Mushrooms,20.79 g,96.31 g,56.46 g
1206,"Lentil Salad With Cauliflower, Walnuts, and Roasted Orange Vinaigrette Recipe",127.46 g,364.61 g,229.66 g
1207,Quick & Dirty Slow Cooker Vegetarian Chili,98.97 g,331.17 g,43.99 g
1208,Chickpea & Jackfruit Curry,45.55 g,246.68 g,68.46 g
1209,Grilled Tofu with Chimichurri on Toast,91.17 g,111.42 g,160.34 g
1210,Korean Stewed Tofu with a Green Onion Salad and Crisp Bacon,79.06 g,64.73 g,74.17 g
1211,Jackfruit Carnitas,23.56 g,421.86 g,49.12 g
1212,Vegetarian Mushroom Thyme Gravy,14.75 g,67.01 g,72.71 g
1213,Well-Crafted Macaroni and Cheese Mix,127.15 g,164.38 g,70.78 g
1214,Easy Black-Bean Corn Salad,64.0 g,208.35 g,10.35 g
1215,Banana Heavens Little Pig (Spanish Custard Dessert),48.41 g,518.39 g,148.52 g
1216,The Ultimate Raw Taco,9.88 g,40.98 g,30.65 g
1217,Rosemary Alu Paratha (Potato Parathas with Fresh Rosemary),41.76 g,256.51 g,19.4 g
1218,One-Pot Lentils & Rice with Spinach,58.84 g,235.58 g,48.83 g
1219,Toni Fiore's Millet Beet Burger,47.33 g,241.3 g,45.89 g
1220,Smoky Tempeh and Hummus Sandwiches,119.5 g,247.13 g,98.81 g
1221,Mini nut roasts with candied carrots,421.72 g,1636.67 g,267.25 g
1222,Chickpea Cashew Curry,59.38 g,196.66 g,104.83 g
1223,Easy Middle Eastern Fried Tomatoes: Jordanian Galayet Bandora,6.26 g,33.5 g,55.18 g
1224,"Whole-Grain Wraps with Quinoa, Beans, and Roasted Veggies",126.07 g,229.3 g,164.88 g
1225,White Beans with Herbes de Provence,29.17 g,125.36 g,49.62 g
1226,Chickpea Piccata,39.19 g,142.48 g,14.77 g
1227,Recipe: Purple Cauliflower Hummus,3.34 g,19.69 g,67.86 g
1228,Instant Pot Vegetarian Chili,99.51 g,330.95 g,22.49 g
1229,"No-Churn Mango Sherbet (Sorbet, Frozen Yogurt, or Ice Cream!)",7.92 g,125.36 g,6.46 g
1230,Feta Stuffed Eggplant Polpetti,20.16 g,85.67 g,20.56 g
1231,Cinnamon Spiced Nuts,94.41 g,129.09 g,412.23 g
1232,Israeli Couscous Salad,42.92 g,203.37 g,40.93 g
1233,Cranberry Curry and Mint Cashew Butter,9.16 g,16.16 g,41.83 g
1234,Tofu Pesto,49.91 g,68.57 g,242.68 g
1235,"Tofu and Kale Salad With Avocado, Grapefruit, and Miso-Tahini Dressing Recipe",46.85 g,81.27 g,131.61 g
1236,Mediterranean Cabbage Soup,47.06 g,183.94 g,31.28 g
1237,Mother's Day Mexican Veggie Burgers,122.64 g,405.33 g,43.13 g
1238,"Pasta Sauce, Elevated",63.83 g,211.59 g,40.86 g
1239,Jackfruit Barbacoa Burrito Bowls,40.22 g,496.18 g,35.97 g
1240,Spicy Thai Peanut Kelp Noodle Pad Thai,92.67 g,357.52 g,68.86 g
1241,Make-Ahead Zucchini and Quinoa Dill Bisque Recipe,36.29 g,102.42 g,28.8 g
1242,Pearl Couscous Chicken Salad with Roasted Asparagus and Herbs,203.05 g,397.74 g,97.26 g
1243,Slow-Cooker Creamy Butternut Squash-Apple Soup,17.22 g,204.62 g,24.8 g
1244,Potato Salad with Parsley Pesto,24.8 g,160.68 g,133.13 g
1245,Vietnamese Citrus and Noodle Salad With Fresh Herbs and Fried Yuba (Tofu Skin) Recipe,53.49 g,256.92 g,308.86 g
1246,Andrea Nguyen's Saag Soy Paneer,50.48 g,52.34 g,95.34 g
1247,Harvest-Stuffed Portobello Mushrooms,86.71 g,237.42 g,95.53 g
1248,Thai Summer Squash Curry,77.15 g,228.01 g,65.94 g
1249,Stir-Fried Broccoli and Shiitake Mushrooms with Oyster Sauce,23.13 g,64.29 g,31.52 g
1250,Instant Pot Vegetable Soup,45.98 g,152.64 g,31.25 g
1251,Stuffed Portobello Mushroom Caps with Roasted Root Vegetable Risotto,57.13 g,259.37 g,52.6 g
1252,Chickpea Spaghetti With Roasted Vegetables,62.65 g,351.35 g,43.49 g
1253,Gluten-Free Chocolate-Chip Zucchini Bread Squares Recipe,29.52 g,285.85 g,115.17 g
1254,Black Girl Baking is a Journey in Food Memories Told Through the Senses,60.23 g,403.78 g,375.91 g
1255,Homemade Crunchy Nutella Recipe,32.92 g,349.55 g,252.31 g
1256,Tofu Mexicali Scramble Recipe,63.61 g,154.85 g,64.2 g
1257,Green Coconut Zoodle Soup,24.81 g,104.19 g,130.69 g
1258,"Sticky Rice Cake with Coconut, Ginger & Condensed Coconut Milk",56.93 g,434.64 g,324.66 g
1259,Cook the Book: Quinoa with Chimichurri Herbs,27.28 g,135.59 g,51.58 g
1260,Quinoacado Tacos with Charred Corn and Fruit Salsa,42.79 g,258.64 g,86.54 g
1261,Summertime Potluck Puttanesca,80.09 g,424.04 g,125.3 g
1262,The Best Vegetarian Bean Chili Recipe,138.0 g,434.9 g,67.01 g
1263,"Cranberry Orange Cornbread with Orange ""Butter""",43.91 g,543.24 g,123.1 g
1264,Dairy-Free Pumpkin Pie,27.39 g,364.75 g,119.43 g
1265,Autumn Curry with Pumpkin and Chickpeas,121.86 g,507.04 g,158.57 g
1266,'Clean Start': Chewy Chocolate Macaroons Recipe,23.58 g,248.33 g,174.13 g
1267,"Zucchini, Almond, and Mint Soup with Lemony Lentils",70.76 g,141.49 g,112.43 g
1268,Spanish Chickpea Gratin,83.94 g,288.01 g,108.84 g
1269,French in a Flash: Parsnip Purée with Olive Oil and Sage,12.47 g,172.38 g,71.85 g
1270,Easy Walnut Pesto,85.28 g,44.39 g,80.87 g
1271,Country-Style Tomato and Cilantro Broth,0.36 g,1.83 g,0.1 g
1272,Quinoa & Sweet Potato Chili,58.05 g,237.62 g,28.37 g
1273,Quinoa Salad with Roasted Beets and Baby Spinach,76.97 g,301.5 g,97.26 g
1274,Dinner Tonight: Caramelized Tofu with Brussels Sprouts Recipe,29.77 g,57.5 g,74.44 g
1275,Stir-Fried Garlic Eggplant with Ground Pork Recipe,29.35 g,42.31 g,68.44 g
1276,Sweet Potato Cake with Cashew Cream Cheese Frosting,48.54 g,390.74 g,138.94 g
1277,Black Bean Corn Tamales,152.27 g,798.89 g,84.75 g
1278,Pappardelle with Artichoke Chickpea Meatballs,252.44 g,1115.32 g,150.17 g
1279,Curried Cauliflower Soup with Tamarind Glazed Kabocha Squash and Apple,49.51 g,207.1 g,47.15 g
1280,Citrus Ginger Tofu Salad with Buckwheat Soba Noodles,88.65 g,188.32 g,96.04 g
1281,Cook the Book: Coconut Rice with Variations,14.84 g,118.9 g,44.97 g
1282,Maple Hasselback Butternut Squash Recipe,10.25 g,146.75 g,18.23 g
1283,Fresh Tomato Soup,11.49 g,61.53 g,48.05 g
1284,Dinner Tonight: Farro Salad with Roasted Kale and Beets Recipe,104.08 g,384.58 g,73.85 g
1285,Tom Kha Udon Soup With Mushrooms Recipe,134.56 g,719.89 g,87.81 g
1286,Lemon and Saffron Risotto,39.75 g,341.75 g,61.86 g
1287,Vegetarian Butternut Squash Chili with Black Beans,78.55 g,261.64 g,35.03 g
1288,Instant Pot Curry,53.58 g,198.48 g,112.46 g
1289,Sweet Potato Soup with Crispy Tortilla Topping,92.0 g,316.83 g,126.56 g
1290,Edamame Gyoza,72.45 g,357.2 g,30.33 g
1291,Raw Harvest Kale Salad,13.24 g,95.77 g,49.0 g
1292,Rye and Butternut Squash Dressing,93.11 g,546.51 g,72.18 g
1293,Classic Beans and Greens Tacos,102.35 g,375.3 g,101.68 g
1294,Spring Vegetarian Cassoulet,32.57 g,148.59 g,123.4 g
1295,Gluten-Free Tuesday: Allergen-free Chocolate Pumpkin Spice Cake,26.21 g,445.66 g,124.96 g
1296,Vegetarian Slow-Cooker Chili Recipe,57.47 g,182.49 g,20.72 g
1297,Rich Roll's Ultra Meatless Tempeh Loaf,132.02 g,238.22 g,222.53 g
1298,French Toast with Blueberry Compote,58.55 g,366.33 g,222.47 g
1299,Whipped Frozen Creamsicle,5.17 g,46.29 g,24.93 g
1300,Pandan Khanom Chan (Layered Rice Sweets) Recipe,32.01 g,974.19 g,55.15 g
1301,Recipe: Garlicky Soba Noodle Bowls,38.89 g,187.15 g,11.12 g
1302,Basic Chili Paste to Replace Chili Powder Recipe,22.16 g,24.7 g,9.29 g
1303,"Instant Pot Bengali Red Lentil, Potato, Pea, and Cauliflower Risotto",58.03 g,232.18 g,74.27 g
1304,Southwest-Stuffed Sweet Potato Skins,83.88 g,491.68 g,44.65 g
1305,Red Lentil Soup,62.77 g,197.6 g,24.27 g
1306,Vegetarian Gumbo,115.35 g,568.37 g,92.32 g
1307,Slow-Cooker Mediterranean Stew,46.14 g,170.31 g,56.55 g
1308,Tempeh and Eggplant Pot Pies,34.58 g,204.76 g,101.42 g
1309,"Avocado with Pomegranate Molasses, Tomatoes, Citrus, and Basil",11.52 g,57.04 g,57.09 g
1310,Grilled Cauliflower Steaks with Almond Pesto & Butter Beans,111.57 g,303.83 g,116.4 g
1311,French Caramelized Onion Tart,34.83 g,216.01 g,134.76 g
1312,Sri Lankan braised roots stew & coconut dhal dumplings,73.76 g,361.63 g,159.57 g
1313,curried lentils with sweet potatoes.,89.51 g,311.47 g,14.88 g
1314,One-Pot Coconut Milk Curry with Chickpeas,51.92 g,198.04 g,128.18 g
1315,Zucchini-Chickpea Veggie Burgers with Tahini-Ranch Sauce,67.07 g,233.11 g,68.11 g
1316,"Squash, chickpea & coconut curry",61.08 g,278.25 g,160.2 g
1317,"Gardein ""Chicken"" Scaloppini with Shiitake Sake Sauce, Pea Shoots, and Udon Noodle Cakes",34.07 g,155.84 g,189.14 g
1318,Lisa's Delicious 3-Bean Chili,117.41 g,384.6 g,19.06 g
1319,Matcha Mint Chip Ice Cream,15.15 g,165.73 g,147.34 g
1320,Tomato and Farro Minestrone,76.22 g,303.4 g,23.42 g
1321,"Chickpea, Potato, and Spinach Jalfrezi With Cilantro Chutney Recipe",57.59 g,242.68 g,57.44 g
1322,Midtown Greek Salad,57.49 g,93.94 g,130.53 g
1323,Flat-Belly Soup,42.63 g,188.44 g,28.24 g
1324,"Charred Corn, Radish, Jicama, and Green Bean Salad With Lime Dressing Recipe",13.52 g,81.22 g,72.01 g
1325,Vegetarian Ghormeh Sabzi for times of plague,151.41 g,566.8 g,118.61 g
1326,Seitan and Polenta Skillet with Fresh Greens,161.96 g,480.09 g,71.68 g
1327,Strawberry Oat Crumble Bars,46.72 g,547.43 g,158.32 g
1328,Sweet Potato & Spinach Dal,61.47 g,175.5 g,31.64 g
1329,"Roasted Garlic, White Bean & Kale Pizz'alad",81.4 g,351.98 g,63.0 g
1330,Cook the Book: Moroccan-Style Braised Vegetables,47.3 g,150.7 g,40.81 g
1331,Slow-Cooker Vegetarian Tex-Mex Casserole,76.56 g,248.92 g,115.38 g
1332,Greek Style Chickpea soup,99.72 g,335.36 g,145.56 g
1333,Roasted Mediterranean Vegetables with Chickpeas,56.91 g,237.33 g,42.09 g
1334,Potato Cauliflower Chaat (for an American kitchen),50.51 g,311.9 g,83.16 g
1335,Pad Thai Redux,19.72 g,132.77 g,52.76 g
1336,Asian-style Cabbage Slaw w/Tofu and Crunchy Ramen,35.24 g,95.9 g,42.98 g
1337,Roasted-Carrot Salad With Peanut-Sesame Mole Recipe,36.63 g,126.8 g,114.44 g
1338,Mushroom-Tofu-Pecan Stuffed Vegetables,188.05 g,220.59 g,262.31 g
1339,Quinoa with Curried Cauliflower & Potatoes,26.99 g,130.18 g,67.17 g
1340,Low-Carb Portobello Mushroom Fajitas,41.49 g,111.46 g,148.41 g
1341,Healthy and Delicious: Confetti Quinoa Salad Recipe,105.2 g,380.79 g,31.22 g
1342,Pistachio-Crusted Tofu with Red Chimichurri Recipe,69.87 g,99.93 g,149.91 g
1343,Baby Artichokes with Lemon and Olive Oil,90.34 g,307.15 g,220.77 g
1344,"Portobello Mushrooms Stuffed with Spinach, Parmesan and Fennel",88.96 g,74.56 g,105.46 g
1345,Chili Lime Black Bean and Quinoa Salad,75.94 g,358.72 g,75.25 g
1346,Holiday Slow Cooker Veggie Chili,126.44 g,521.3 g,33.18 g
1347,Pumpkin Tiramisu Recipe,62.91 g,1228.6 g,366.25 g
1348,"Carrot, Ginger, and Basil Soup Recipe",35.0 g,62.3 g,18.06 g
1349,Eat for Eight Bucks: Farro and Cauliflower Salad with Currants Recipe,63.82 g,237.21 g,44.88 g
1350,"Healthy and Delicious: Shredded Beet, Apple, and Currant Salad with Apple Vinaigrette Recipe",8.36 g,137.62 g,28.48 g
1351,Versatile Lentil Stew,64.06 g,178.01 g,50.35 g
1352,Spicy Tortilla Crisps with Queso Fundito from 'Salty Snacks',54.74 g,49.59 g,93.59 g
1353,Radishes With Avocado Dip From 'The VB6 Cookbook',19.88 g,71.62 g,42.65 g
1354,Simple Kale Salad,52.89 g,93.69 g,116.43 g
1355,Chickpea and Kale Curry,34.63 g,104.0 g,98.87 g
1356,Meat Lite: Portobello Burgers with Crispy Prosciutto and Arugula Mayo Recipe,85.6 g,123.67 g,87.8 g
1357,Slow-Cooker Vegetarian Chili,53.11 g,279.09 g,7.67 g
1358,Gluten-Free Tuesday: Graham Crackers Recipe,20.99 g,344.46 g,67.13 g
1359,Braised Artichokes With Leeks and Peas From 'The New Vegetarian Cooking for Everyone',50.89 g,224.38 g,53.68 g
1360,Apple Fennel Casserole with a Coconut-Turmeric Twist,5.6 g,46.5 g,18.34 g
1361,Healthy & Delicious: Tabbouleh Salad Recipe,27.75 g,136.96 g,57.17 g
1362,Apricot Kuchen,71.48 g,744.37 g,79.76 g
1363,"'The Food Matters Cookbook': Spicy Fried Rice with Bean Sprouts, Chicken, and Peanuts Recipe",111.5 g,337.99 g,105.43 g
1364,French Lentil and Arugula Salad with Herbed Cashew Cheese,175.8 g,371.72 g,229.85 g
1365,Healthy & Delicious: Greek Orzo Salad Recipe,74.66 g,303.36 g,108.39 g
1366,Sichuan-Style Braised Eggplant With Pickled Chilies and Garlic (Yu Xiang Qie Zi) Recipe,14.06 g,79.82 g,45.68 g
1367,Roasted Strawberry Margaritas with Aquafaba Whip,38.66 g,291.21 g,15.16 g
1368,"Butternut Squash, Kale, and Crunchy Pepitas Taco",41.35 g,123.69 g,102.21 g
1369,Saag Paneer,82.6 g,88.55 g,33.27 g
1370,Kolkata Style Chickpea Rolls,39.57 g,203.13 g,154.75 g
1371,The Occasional Vegetarian's Bibimbap,22.9 g,185.2 g,24.96 g
1372,This Roasted Beet Hummus Recipe Can’t Be Beat,45.83 g,157.32 g,64.12 g
1373,Persian Eggplant Stew // Khoresh Bademjan,27.57 g,188.51 g,59.1 g
1374,Healthy and Delicious: Mexican Potato Soup Recipe,12.18 g,86.8 g,1.45 g
1375,Michael Natkin's Soba Noodles in Shiitake-Shoyu Broth with Spring Vegetables,128.8 g,494.56 g,102.46 g
1376,Shauna James Ahern's Quinoa-Stuffed Peppers,38.4 g,221.84 g,93.74 g
1377,Braised Eggplant With Tofu in Garlic Sauce Recipe,44.86 g,102.6 g,59.6 g
1378,Coconut-Mango Rice Noodle Salad,45.56 g,237.57 g,135.07 g
1379,Blueberry Mug Cake,6.67 g,61.95 g,16.73 g
1380,Recipe: Sesame Ginger Shrimp and Cabbage Stew,173.09 g,219.9 g,75.42 g
1381,Pretzel- and Cashew-Crusted Tofu,124.14 g,587.22 g,98.82 g
1382,Hominy Stew Is Soul-Soothing on a Chilly Fall Morning,136.2 g,62.09 g,373.84 g
1383,Black Bean and Butternut Squash Chili,63.6 g,221.25 g,29.06 g
1384,Pasta e Fagioli (Pasta and Beans),64.73 g,230.05 g,74.06 g
1385,Tofu Bánh Mì,88.99 g,201.36 g,131.58 g
1386,Moosewood’s Classic Tofu Burgers,166.91 g,108.07 g,215.9 g
1387,Beef and Chinese Broccoli Chow Fun Recipe,127.79 g,432.09 g,139.84 g
1388,Sara's Green Harissa,5.17 g,24.8 g,162.85 g
1389,Black Bean Tostadas,102.05 g,538.95 g,113.14 g
1390,Quinoa Fried ‘Rice’,82.5 g,226.38 g,156.54 g
1391,Phat Phrik Khing With Tofu and Long Beans (Thai Dry-Curry Stir-Fry) Recipe,80.34 g,179.92 g,82.62 g
1392,Corn and Coconut Salad,26.28 g,185.69 g,40.05 g
1393,Crêpes with Chicken and Morels,106.42 g,116.25 g,173.88 g
1394,French in a Flash: Campanelle with Eggplant Caviar Recipe,76.47 g,416.03 g,85.99 g
1395,Apple-Chestnut Cornbread Stuffing,55.26 g,424.43 g,86.48 g
1396,Wet Bean Burritos,136.76 g,434.28 g,68.66 g
1397,Cook the Book: Pan-Roasted Striped Bass with Tunisian Chickpea Salad and Yogurt Sauce,236.43 g,225.35 g,203.05 g
1398,"Scooped: Kaffir Lime, Ginger, Star Anise Sorbet Recipe",7.39 g,242.33 g,2.83 g
1399,A Sweet Potato Burrito Packs Your Morning with Power,27.38 g,237.56 g,30.22 g
1400,Sun Dried Tomato Yumballs,95.79 g,135.95 g,117.94 g
1401,Red Minestrone from 'Stewed',36.43 g,179.27 g,77.9 g
1402,Healthy & Delicious: West African Vegetable Stew Recipe,47.57 g,291.86 g,27.71 g
1403,Recipe: Roasted Sweet Potato Slices with Cilantro Pesto,39.8 g,229.88 g,151.44 g
1404,Mother-in-Law's Signature Kimchi from 'The Kimchi Cookbook',89.53 g,150.15 g,20.36 g
1405,"'Clean Start': Polenta Pizzas with Kale, Chard, and Parsley Pesto Recipe",64.97 g,448.84 g,180.1 g
1406,Old School French Onion Soup Gratinée,187.25 g,102.14 g,200.92 g
1407,Recipe: Braised Coconut Spinach & Chickpeas with Lemon,57.94 g,161.09 g,108.55 g
1408,"Gluten-Free Tuesday: Dairy-Free, Egg-Free Coconut-Pumpkin Pie Recipe",19.46 g,343.44 g,141.52 g
1409,Recipe: Socca Flatbread with Spring Pesto and Salad,85.66 g,170.49 g,285.1 g
1410,"Braised Chickpeas and Vegetables with Couscous, Harissa Yogurt, and Soft Eggs from 'Flour, Too'",118.52 g,330.85 g,107.74 g
1411,Veggie Masala Burgers with Cilantro Chutney Aioli,78.08 g,362.33 g,365.09 g
1412,Curry Noodles With Chicken (Kuai-Tiao Kaeng Sai Kai) From 'Simple Thai Food',219.17 g,398.38 g,298.2 g
1413,"Crispy Fried Spinach with Tomato, Onion, Tamarind, and Yogurt Recipe",39.75 g,149.57 g,124.56 g
1414,Sweet Potato–Chickpea-Quinoa Burgers,122.26 g,381.65 g,275.06 g
1415,Vegan S'mores,6.55 g,59.48 g,27.17 g
1416,Vegan Chocolate Frosting | Vegan Chocolate | Vegetarian Chocolate,6.93 g,227.99 g,35.67 g
1417,Vegan Candy | Vegan Chocolate | Vegetarian Chocolate,77.84 g,299.39 g,211.54 g
1418,Vegan Thanksgiving Sandwich,34.66 g,41.97 g,24.09 g
1419,Vegan BLT,26.6 g,57.13 g,55.22 g
1420,Vegan Campfire Smores,26.2 g,237.91 g,108.67 g
1421,Vegan Chocolate Ganache,8.48 g,114.52 g,95.53 g
1422,White Pizza {Vegan},72.6 g,279.01 g,87.99 g
1423,Vegan Rice Krispie Squares,9.04 g,118.65 g,35.72 g
1424,Vegan Spinach Balls,76.78 g,159.24 g,103.72 g
1425,the best vegan cheesecake,63.31 g,346.83 g,174.07 g
1426,Vegan Spaghetti,170.62 g,530.82 g,117.23 g
1427,VEGAN COLESLAW,10.9 g,28.5 g,38.95 g
1428,Vegan Eggnog,12.5 g,61.52 g,6.74 g
1429,Vegan Stuffing,48.86 g,255.15 g,102.43 g
1430,Gluten-free vegan hashbrowns,80.01 g,561.1 g,457.19 g
1431,Vegan Ranch Dressing,4.9 g,13.07 g,93.73 g
1432,Smoked Vegan Mac and Cheese,144.9 g,405.77 g,142.12 g
1433,Vegan Eclairs,24.67 g,231.46 g,65.08 g
1434,Vegan Beer Brats,315.1 g,112.22 g,86.61 g
1435,Joey's Vegan Cream Cheese Frosting,15.39 g,115.03 g,88.13 g
1436,Vegan Chocolate Pie,19.81 g,275.17 g,73.25 g
1437,Vegan Eggplant Lasagna,47.9 g,97.41 g,28.47 g
1438,Vegan Cheese Pumpkin,117.38 g,147.3 g,248.45 g
1439,Vegan Coconut Caramel,4.63 g,54.29 g,77.54 g
1440,Vegan Cheesy Corn Casserole recipes,42.68 g,350.4 g,179.88 g
1441,Vegan Pigs in a Blanket,25.87 g,26.58 g,72.29 g
1442,Pretzel Dipping Sauces {Vegetarian/Vegan},5.53 g,38.17 g,30.82 g
1443,{Vegan} Homemade Peanut Butter Cups,34.86 g,156.24 g,112.15 g
1444,Vegan Vanilla Pudding recipes,3.6 g,162.64 g,33.81 g
1445,Vegan Garlic Butter,10.0 g,5.68 g,114.04 g
1446,Vegan Strawberry Freezer Pie,12.81 g,146.64 g,56.35 g
1447,Mushroom Stroganoff {Vegan},18.16 g,39.22 g,64.8 g
1448,Vegan Pumpkin Pie Cheesecake,53.69 g,369.5 g,218.47 g
1449,Vegan Cherry Pie recipes,87.4 g,1168.14 g,445.86 g
1450,Vegan Jalapeno Poppers,21.44 g,93.99 g,63.25 g
1451,Easy Vegan Artichoke Dip,12.61 g,24.05 g,60.55 g
1452,Vegan Tiramisu,17.4 g,89.84 g,80.29 g
1453,Vegan Creamed Spinach,36.05 g,57.08 g,38.48 g
1454,Vegan Aioli,10.34 g,20.64 g,38.41 g
1455,Vegan Toffee Squares recipes,37.17 g,459.92 g,196.03 g
1456,Vegan Cheese Enchiladas,86.0 g,180.46 g,97.22 g
1457,Vegan vegetable pizza,48.03 g,106.56 g,47.69 g
1458,Fancy Vegan Sausage Rolls,40.01 g,27.86 g,97.86 g
1459,NO-BAKE VEGAN CHEESECAKE,9.43 g,152.64 g,150.35 g
1460,Vegan “Egg” Mayo,38.26 g,12.77 g,49.9 g
1461,Butternut Squash and Spinach Lasagna (Vegan),114.38 g,356.37 g,130.93 g
1462,Vegan Baileys Truffles,16.69 g,137.19 g,298.32 g
1463,Vegan Mocha Latte,5.27 g,17.74 g,43.43 g
1464,Vegan Eggnog Martini,1.32 g,11.41 g,1.27 g
1465,"Vegan Sausage, Kale, Dijon & Sesame Ba",32.25 g,64.16 g,22.55 g
1466,Vegan Tiramisu,5.78 g,30.64 g,40.05 g
1467,Vegan Kale Pesto Gnocchi,40.87 g,187.62 g,41.62 g
1468,Vegan Apple Betty,16.14 g,360.76 g,60.46 g
1469,Vegan Russian Dressing,28.43 g,199.03 g,78.89 g
1470,Vegan Cream Cheese Frosting,7.3 g,246.7 g,84.86 g
1471,Fries Supreme Vegan recipes,73.88 g,138.47 g,106.78 g
1472,Vegan Creamed Spinach Phyllo Tart,37.19 g,110.15 g,134.27 g
1473,Vegan Pecan Pie,39.45 g,316.43 g,215.21 g
1474,Vegan Pizza Snacks,85.06 g,73.15 g,89.7 g
1475,Vegan Peppermint Patties,14.54 g,544.16 g,129.8 g
1476,Unbelievable Vegan Mashed Potatoes,23.17 g,144.98 g,35.42 g
1477,Vegan Sweet Noodle Kugel,83.08 g,340.35 g,162.71 g
1478,Vegan Champagne Truffles,36.43 g,187.43 g,149.5 g
1479,Animal-Style Patty Melts (Vegan),70.0 g,50.08 g,167.2 g
1480,Vegan Kale Caesar Salad,18.09 g,31.38 g,9.93 g
1481,Vegan Gravy,2.71 g,39.3 g,13.89 g
1482,Vegan Chocolate Gingerbread Bourbon Balls,47.1 g,482.04 g,216.53 g
1483,Vegan Cheesecake,81.6 g,408.57 g,249.34 g
1484,Vegan Pecan Crusted Toffee Bites,55.15 g,401.71 g,518.46 g
1485,Vegan French Onion Dip,26.35 g,71.65 g,38.96 g
1486,Vegan Jambalaya,75.39 g,241.05 g,53.46 g
1487,Vegan Chanterelle Quiche,43.26 g,200.51 g,30.65 g
1488,Vegan BLT Sandwich,21.41 g,32.94 g,51.84 g
1489,Vegan Grits,3.98 g,41.13 g,28.01 g
1490,Ultimate Loaded Grilled Vegan BLT,46.21 g,92.01 g,60.29 g
1491,Vegan Spaghetti,53.89 g,268.55 g,54.49 g
1492,Vegan Herb Butter,0.73 g,1.97 g,109.17 g
1493,Vegan Sabzi Polow,80.49 g,533.39 g,49.0 g
1494,Vegan Caesar Dressing,3.69 g,7.89 g,174.62 g
1495,Frosted Vegan Cinnamon Rolls,23.15 g,531.0 g,68.82 g
1496,Vegan Scallops with King Oyster Mushrooms,16.08 g,37.24 g,86.97 g
1497,Vegan Coleslaw,12.89 g,49.08 g,58.2 g
1498,Vegan Meatball Bahn Mi,315.67 g,284.3 g,149.4 g
1499,Vegan-friendly Chocolate Bites,27.1 g,176.27 g,136.12 g
1500,Strawberry Rhubarb Jam {Vegan},2.48 g,155.82 g,22.73 g
1501,Vegan Cafe Corn Chowder,27.46 g,269.14 g,100.24 g
1502,Easy Vegan Brownies,39.69 g,294.28 g,191.92 g
1503,Zesty Vegan Italian Casserole,81.37 g,88.44 g,166.22 g
1504,Strawberry Rhubarb Jam {Vegan},2.48 g,155.82 g,22.73 g
1505,Vegan Macaroni Salad,30.26 g,177.35 g,66.65 g
1506,Vegan Parmesan-Crusted Cauliflower Wings,56.28 g,65.62 g,90.77 g
1507,Vegan Spice Cake,34.4 g,551.66 g,193.42 g
1508,Fudgy Vegan Brownies,28.65 g,364.77 g,168.68 g
1509,Vegan Spinach Pinwheels recipes,44.84 g,59.62 g,60.33 g
1510,Vegan Noodle Kugel recipes,60.29 g,469.33 g,108.76 g
1511,Strawberry Rhubarb Jam {Vegan},2.48 g,155.82 g,22.73 g
1512,Vegan Cafe Corn Chowder,27.46 g,269.14 g,100.24 g
1513,Easy Vegan Brownies,39.69 g,294.28 g,191.92 g
1514,Zesty Vegan Italian Casserole,81.37 g,88.44 g,166.22 g
1515,Strawberry Rhubarb Jam {Vegan},2.48 g,155.82 g,22.73 g
1516,Vegan Macaroni Salad,30.26 g,177.35 g,66.65 g
1517,Vegan Parmesan-Crusted Cauliflower Wings,56.28 g,65.62 g,90.77 g
1518,Vegan Spice Cake,34.4 g,551.66 g,193.42 g
1519,Fudgy Vegan Brownies,28.65 g,364.77 g,168.68 g
1520,Vegan Spinach Pinwheels recipes,44.84 g,59.62 g,60.33 g
1521,Vegan Noodle Kugel recipes,60.29 g,469.33 g,108.76 g
