Recipe_name,Protein,Carbs,Fat
100-Mile Dash,1.9 g,236.76 g,1.02 g
Goulash In A Dash,137.31 g,120.32 g,35.92 g
Garlicky Wilted Kale (with a dash of Nutmeg),29.41 g,75.78 g,47.8 g
Modern Cocktail No. 2 Recipe,0.06 g,18.81 g,0.17 g
Three Dots And A Dash,0.51 g,139.67 g,0.0 g
Brooklyn Cocktail recipes,0.02 g,1.06 g,0.0 g
Pegu,0.12 g,10.92 g,0.1 g
Aztec Chocolate Bark,34.28 g,227.68 g,134.18 g
Celery Cider,0.07 g,7.07 g,0.08 g
Spaghetti Squash with Maple Syrup and Shallots recipes,8.54 g,128.66 g,39.43 g
Emeril's Sazerac,0.09 g,5.2 g,0.02 g
Al's Bloody Best,1.0 g,4.81 g,0.35 g
My Favorite Bloody Mary,0.81 g,4.85 g,0.26 g
The Fourth Regiment Cocktail recipes,0.11 g,1.76 g,0.02 g
Vieux Carré Recipe,0.02 g,1.53 g,0.01 g
The Berkeley Free Speech Cocktail,0.08 g,11.69 g,0.04 g
Sazerac,0.0 g,4.87 g,0.0 g
H-O-T Hot Boneless Buffalo Wings,274.74 g,32.48 g,228.5 g
Garbo Gargle Cocktail recipes,0.06 g,6.05 g,0.02 g
Pinnacleandreg; Sunday Funday,4.34 g,19.35 g,0.99 g
The Red Snapper from the King Cole Bar recipes,0.56 g,2.84 g,0.25 g
3 Delicious Ways To Roast Your Cauliflower recipes,2.85 g,15.5 g,1.13 g
Lemon-Basil Risotto with Tomato Topping,2.28 g,11.32 g,7.3 g
Green Beans with Shallots,22.61 g,103.61 g,15.74 g
The Cool Cucumber,0.41 g,4.71 g,0.09 g
Asparagus with Warm Vinaigrette,10.38 g,31.92 g,0.63 g
Agave Lime Chicken recipes,150.85 g,124.57 g,144.13 g
The Ginger Side,0.03 g,5.49 g,0.0 g
Cuba Libre,0.18 g,9.9 g,0.05 g
Spiced Old Fashioned,0.25 g,9.07 g,0.15 g
Agave Lime Chicken,228.97 g,115.98 g,222.1 g
Love In Jalisco,0.05 g,5.45 g,0.05 g
Biriyani,284.38 g,496.15 g,245.96 g
Pomegranate Chicken with Preserved Lemon and Almond Rice Pilaf Recipe,280.03 g,290.25 g,277.65 g
Pecan Butter,18.36 g,47.61 g,162.93 g
La Paloma,0.23 g,3.59 g,0.07 g
Bonus Recipe: Do the Cabbage Pack!,10.9 g,35.69 g,34.85 g
Michelada,2.12 g,19.87 g,0.14 g
I Love Ny Veggie Pizza,51.86 g,169.4 g,30.88 g
The Ginger Side,0.03 g,5.49 g,0.0 g
Baked Cheese Spread,66.25 g,36.82 g,440.83 g
Healthy Whiskey & Ginger,0.11 g,6.38 g,0.04 g
Maple-Gingerbread Pots de Crème,34.51 g,152.25 g,85.14 g
Bloody Mary,1.08 g,5.44 g,0.36 g
Easy Pot Roast,492.51 g,78.8 g,153.25 g
"Garganelli Pasta with Scallops, Tomatoes and Green Beans",65.15 g,303.67 g,36.05 g
Bourbon Old Fashioned Recipe,0.0 g,10.42 g,0.0 g
Jalapeño-Spiked Cherry Preserves,7.28 g,593.23 g,2.23 g
"Potato, Leek and Parmesan Cheese Dumplings",219.19 g,653.27 g,99.29 g
Old-Fashioned Cornbread Stuffing,62.04 g,264.05 g,147.9 g
Mezcal Paloma,0.06 g,1.25 g,0.01 g
Avocado-Sprout Toast,5.54 g,17.37 g,9.62 g
Pepperoni Pizza Wrap,50.91 g,31.1 g,84.27 g
"Peaches With Creme Fraiche, Brown Sugar, Cinnamon And Nutmeg",1.51 g,19.1 g,3.2 g
Men Are From Mars,0.27 g,10.65 g,0.1 g
Crunchy Baked Fish,131.61 g,14.66 g,21.66 g
Simple Savory Scallops,3.03 g,0.92 g,0.14 g
Karthago Cocktail,0.46 g,4.56 g,0.15 g
Pink Pasta,72.88 g,388.59 g,124.26 g
Candy Corn Milkshake,20.41 g,105.95 g,44.92 g
Coconut Black Beans,60.77 g,177.7 g,92.44 g
Pasta with tuna and roasted asparagus,57.42 g,217.37 g,45.53 g
Spiked Eggnog,5.47 g,27.03 g,4.28 g
Sweet Potato Hash,36.91 g,132.92 g,48.02 g
Ketel One Vodka Dutch Chocolate,28.26 g,83.18 g,27.33 g
Mezcal Michelada,0.38 g,15.01 g,0.03 g
Screwdriver Recipe,0.0 g,0.07 g,0.0 g
Stuffed Shells with Creamy Tomato Parmesan Sauce,315.57 g,424.32 g,326.86 g
Very Merry Bourbon Alexander,9.27 g,18.46 g,7.19 g
Milk and Honey Recipe,7.18 g,16.97 g,7.37 g
Carrot Gnocchi with Chard two ways,64.63 g,207.5 g,139.97 g
Oven-Dried Kale,8.76 g,18.4 g,15.38 g
kale and cheese calzone,24.56 g,37.88 g,24.28 g
Chocolate Hummus with Candied Bacon,91.45 g,177.59 g,193.53 g
All-Purpose Citrus Dressing,0.64 g,3.77 g,27.41 g
Honey Walnut Crusted Salmon,151.1 g,80.12 g,151.21 g
Sriracha Bloody Mary Recipe,1.06 g,5.58 g,0.39 g
Raw Shiitake Kale Salad recipes,10.38 g,22.63 g,38.08 g
Cod with Rosemary Polenta and Beans,23.91 g,41.84 g,11.13 g
Pineapple Mango Salsa recipes,9.22 g,183.91 g,2.68 g
Burrata Pizza,72.76 g,130.13 g,59.23 g
"Sweet, Spicy, Easy Green Beans",29.4 g,14.45 g,21.51 g
Scones with Currants,18.2 g,137.06 g,25.92 g
Double Avocado Cobb Salad,71.44 g,82.8 g,276.64 g
The Ultimate Ketel One Bloody Mary,1.35 g,9.04 g,0.41 g
Carrots and Blue Cheese,12.18 g,38.19 g,38.32 g
Raita (Indian Yogurt and Cucumber Condiment),19.64 g,41.6 g,16.6 g
Roast Chicken,399.78 g,44.14 g,355.83 g
Chicken with Mango Salsa,250.16 g,65.49 g,52.86 g
Dinner Tonight: Jacques Pépin's Spicy Ginger and Lemon Chicken Recipe,116.46 g,43.58 g,121.62 g
Carrot-Thyme Soup with Cream,12.39 g,212.88 g,46.59 g
Crab Cakes With Green Onion And Mustard,49.36 g,17.16 g,7.27 g
Sweet Potato & Broccoli Shepard's Pie,94.3 g,87.07 g,111.87 g
Macaroni and Cheese,223.44 g,468.96 g,277.66 g
Roasted Pencil-thin Asparagus,5.82 g,4.76 g,9.29 g
Sweet Potato Julius,5.14 g,63.09 g,2.9 g
The Rolls-Royce,0.21 g,3.35 g,0.03 g
151 Swizzle,0.14 g,31.75 g,0.03 g
Three Cheese Hot Artichoke Dip,78.45 g,59.07 g,300.49 g
Pork Medallions with Cranberry-Onion Relish,75.19 g,59.98 g,45.96 g
The Manchester,0.0 g,10.42 g,0.0 g
Aperol Spritz Cocktail,0.29 g,6.1 g,0.02 g
Fiesta Chicken Drummettes,80.04 g,3.94 g,60.14 g
Scallops Ceviche And Kumquats,33.27 g,40.05 g,16.09 g
Emerald Cocktail,0.02 g,0.83 g,0.0 g
Oven-Roasted Rosemary Potatoes,17.94 g,161.41 g,14.76 g
Swiss Chard au Gratin,106.11 g,150.75 g,398.24 g
Savory Zucchini Puff Pastry Tarts,7.77 g,32.46 g,34.39 g
Pizza in a bread bowl Recipe,186.16 g,105.55 g,210.63 g
Fancy Free Recipe,0.01 g,4.62 g,0.04 g
The Augustus Club,0.12 g,15.56 g,0.08 g
Green Onion and Mustard Crab Cakes,49.36 g,17.16 g,7.27 g
Juice Marinara Recipe,6.47 g,36.7 g,1.64 g
The Old Hickory Cocktail Recipe,0.06 g,2.31 g,0.0 g
The Sherry Martini,0.11 g,6.62 g,0.0 g
Southern Comfort Champagne Cocktail,0.2 g,13.04 g,0.1 g
"Apricot, Cucumber, Pluot, and Lime Basil Salad",3.14 g,28.6 g,0.86 g
Chickpea & Butternut Squash Soup,43.03 g,182.75 g,93.72 g
Apple and cabbage salad with apple molasses dressing,52.14 g,217.83 g,197.97 g
Duck breast stuffed with dried fruits,22.18 g,299.11 g,44.09 g
Homemade Strawberry Conserve,2.12 g,124.18 g,0.93 g
Oysters,38.98 g,30.54 g,9.75 g
Lemon Lavender Fizz,0.07 g,32.57 g,0.05 g
New Columbia Harvest,0.2 g,7.04 g,0.18 g
Black River Pearl,0.08 g,14.18 g,0.08 g
Broccoli Bacon Quiches,32.59 g,9.49 g,78.87 g
Arugula With Steak,183.23 g,9.68 g,134.77 g
Gazpacho,17.5 g,101.58 g,58.73 g
Appetizer Meatballs (Frozen Meatballs),161.54 g,279.67 g,181.99 g
Spinach and Italian Cheese Omelet,20.07 g,4.42 g,21.83 g
Cucumber Gazpacho,5.01 g,32.66 g,54.86 g
Time for a Drink: the Gypsy Recipe,0.03 g,9.13 g,0.09 g
Alaska Cocktail Recipe,0.01 g,4.56 g,0.04 g
Mom’s Blueberry Pie,20.57 g,346.14 g,210.47 g
Asian-Spiced Pecans,39.9 g,62.85 g,293.97 g
Golden Milk Tea,10.18 g,36.91 g,96.75 g
Individual Chili-Cheddar Meatloaves,48.59 g,58.25 g,21.74 g
Whiskey Ginger Recipe,0.0 g,0.08 g,0.0 g
Eggplant Lasagna,143.09 g,221.09 g,106.68 g
Fifty-Fifty Martini recipes,0.67 g,6.56 g,0.17 g
Gin and Sin recipes,0.21 g,4.13 g,0.1 g
Classic Baked Acorn Squash,3.6 g,71.5 g,11.96 g
Cranberry Salsa,2.22 g,98.65 g,0.56 g
Norwegian Wood,0.02 g,2.86 g,0.02 g
Winter Solstice Recipe,0.23 g,4.02 g,0.09 g
Easy Spanish Chicken Breast for 1-or more,23.99 g,1.64 g,10.84 g
World Cup Cucumber & Lamb Sosatie,21.19 g,43.59 g,195.01 g
His & Hers,0.04 g,7.03 g,0.07 g
Oven Roasted Elote,71.36 g,136.73 g,141.19 g
Rum punch,2.0 g,87.01 g,0.52 g
Edamame Crunch,8.96 g,8.41 g,5.52 g
Creamy Pesto Tiger Shrimp and Asparagus Lasagna Bundles,135.94 g,210.92 g,139.86 g
Microwave Shepherds Pie,115.92 g,218.04 g,156.39 g
Butternut Squash Puree,5.5 g,85.3 g,46.35 g
The Darby's Three Cheese Macaroni,68.24 g,66.5 g,119.84 g
Beer-Braised Pork Chops with Pears and Apples Recipe,172.36 g,144.92 g,123.38 g
The Ultimate Raw Taco,9.88 g,40.98 g,30.65 g
The New American Omelet,30.4 g,8.98 g,29.77 g
Tokyo Geisha,0.07 g,5.4 g,0.06 g
Cranberry Chicken Tagine,191.07 g,319.25 g,74.17 g
Crustless Quiche with Goat Cheese and Scallions,56.1 g,29.92 g,104.26 g
Homemade Cavatelli Recipe,159.49 g,342.31 g,128.03 g
Tropical Salad with Sriracha,13.21 g,132.56 g,47.51 g
Garlic Mashed Potatoes,59.21 g,356.0 g,11.8 g
Sloe Gin,0.13 g,27.64 g,0.19 g
Avocado-Tomato Open-Face Sandwich,5.47 g,19.42 g,8.72 g
Prescription Julep #2,0.54 g,203.77 g,0.12 g
Tunacado Salad,28.47 g,28.5 g,62.93 g
Fresh Summer Succotash,59.68 g,201.56 g,78.2 g
Creamy Sweet Potato Soup,19.67 g,91.77 g,4.79 g
Hot Sazerac,0.88 g,16.45 g,0.67 g
Galbi Jjim (Korean Braised Short Ribs),185.9 g,314.07 g,385.82 g
Ratatouille Tatin Tartlets,76.73 g,317.64 g,152.49 g
Apple 'Cider' Soup,20.42 g,186.74 g,10.57 g
Lemon-Dill Orzo Pilaf,11.79 g,43.05 g,17.02 g
Greenpoint,0.03 g,2.7 g,0.02 g
Blue Cheese Dressing,31.05 g,13.44 g,234.32 g
Curried Chicken Salad with Fruit,135.82 g,99.45 g,50.83 g
Kona Swizzle,1.63 g,31.42 g,0.35 g
Red And Orange Pavlovas,14.47 g,165.86 g,60.1 g
Nicky Finn,0.28 g,3.88 g,0.1 g
Celebration Manhattans,0.02 g,2.66 g,0.01 g
Shamrock Shake Recipe,0.12 g,11.35 g,0.04 g
Planter's Punch Cocktail recipes,0.16 g,2.19 g,0.07 g
Cucumber-Coconut,3.91 g,45.97 g,1.09 g
Icecream French Toast,46.42 g,107.64 g,33.22 g
New Fashioned,0.04 g,10.28 g,0.05 g
Gin Sangria,1.38 g,34.85 g,0.32 g
Lemon Stinger Swizzle,0.12 g,21.88 g,0.07 g
Rusty Nail Recipe,0.01 g,4.56 g,0.04 g
Classic Martini,0.15 g,1.1 g,1.86 g
Sweet and Salty Prosciutto-Wrapped Asparagus,287.78 g,73.74 g,85.09 g
Fallen Angel,0.02 g,12.59 g,0.09 g
Broccoli Cheese Strata,48.67 g,44.68 g,40.35 g
Clementini,1.26 g,17.79 g,0.22 g
Raspberry Pops,10.61 g,53.77 g,9.12 g
Sidecar,0.12 g,11.25 g,0.15 g
Louis Dressing,3.03 g,21.45 g,182.6 g
Bourbon Maple Cider Recipe,2.11 g,54.23 g,0.03 g
Between The Sheets Cocktail Recipe,0.15 g,12.12 g,0.1 g
White wine sardines with chickpeas and sliced potatoes,65.01 g,134.91 g,38.25 g
Pineapple Cobbler,0.55 g,14.26 g,0.19 g
Maple Bourbon Old-Fashioned,0.05 g,11.45 g,0.02 g
Lillet Spritz,1.1 g,9.73 g,0.26 g
Gabriella's Farmer Cheese Gnocchi,66.49 g,63.92 g,28.47 g
Liquid Autumn,0.61 g,11.66 g,0.17 g
Torino,0.06 g,2.37 g,0.0 g
Squash and Sweet Potato Croquettes,13.05 g,70.28 g,17.24 g
Stuffed Mushrooms,70.69 g,164.03 g,70.38 g
Maple Old-Fashioned,0.0 g,4.46 g,0.0 g
Piping Plum Recipe,0.05 g,20.01 g,0.13 g
Bobby Axelrod,0.03 g,0.22 g,0.34 g
Cauliflower Soup,26.69 g,18.64 g,34.75 g
Time for a Drink: Bijou Cocktail Recipe,0.05 g,9.9 g,0.09 g
Day At The Beach by LaPlaya Beach & Golf Resort,0.53 g,23.58 g,0.24 g
Zelma's Punch,2.69 g,25.53 g,1.3 g
Velveeta Tuna Shell Casserole,135.24 g,160.67 g,75.9 g
El Guapo Cocktail Recipe With Mezcal recipes,0.5 g,20.54 g,0.11 g
Very Rustic Custard Tart with Guava Sauce,56.23 g,184.04 g,62.54 g
Russian REBBL,24.78 g,169.9 g,6.24 g
Martini Recipe,0.02 g,0.77 g,0.0 g
L.A. Burdick Classic Hot Chocolate,10.09 g,61.27 g,30.93 g
Charred Onion Dip,14.76 g,47.42 g,96.49 g
Poison Arrow,0.25 g,13.74 g,0.09 g
Cucumber-Tomato Salad,8.87 g,43.96 g,33.17 g
Dimitri Lezinska's Maple Leaf Martini,0.1 g,19.63 g,0.08 g
Purple Tai Rice Cooker Sticky Rice,15.16 g,168.81 g,1.59 g
Simple Trout Duxelles,286.76 g,22.38 g,106.3 g
Barbecue Bloody Mary,29.66 g,296.55 g,22.83 g
Liquid Fireworks,0.59 g,6.78 g,0.17 g
Dark Mojito,0.3 g,21.41 g,0.08 g
Sherry Martini,0.33 g,9.72 g,0.03 g
Americano Cocktail,0.22 g,3.51 g,0.02 g
Spicy Steak Fries,15.94 g,135.69 g,28.34 g
Vegan Roasted Sweet Potato Quesadillas,77.95 g,361.1 g,76.6 g
Classic Sazerac,0.0 g,0.06 g,0.0 g
Gazpacho,125.27 g,131.24 g,75.08 g
Potted Shrimp Recipe,97.31 g,11.02 g,370.83 g
The Claridge Cocktail,0.03 g,1.16 g,0.0 g
Butternut Squash Bisque,11.78 g,169.06 g,24.22 g
Cotton Candy Cocktail,0.06 g,21.87 g,0.2 g
Police Gazette Cocktail,0.11 g,6.14 g,0.06 g
Tequila Sunrise Jelly Shots,13.87 g,50.79 g,0.51 g
Bacon-Wrapped Scallops With Chili Butter,139.74 g,34.63 g,186.92 g
Lemon Dipping Sauce,5.43 g,14.46 g,45.56 g
Some Like It Hot Recipe,10.43 g,22.9 g,2.79 g
German CREPES,91.1 g,361.99 g,51.75 g
Slaw and Order,22.63 g,43.87 g,9.36 g
Chile-Salt Michelada,1.21 g,10.95 g,0.06 g
Blackthorn Cocktail Recipe,0.08 g,19.03 g,0.17 g
Grilled Chicken,148.38 g,57.14 g,79.0 g
Shrimp Po Boy Sandwich Recipe,153.25 g,280.77 g,1860.2 g
Pisco Sour,1.5 g,16.84 g,0.03 g
Grilled Salmon Steak,23.22 g,1.08 g,19.76 g
"""Fruit Cocktail"" Crisp",10.34 g,166.68 g,26.0 g
The Pumpkin Martini,0.12 g,40.11 g,0.33 g
Recipe: The Income Tax Cocktail,0.21 g,3.33 g,0.06 g
Lychee Martini,0.11 g,15.44 g,0.13 g
Cider Delighter,0.96 g,16.01 g,1.32 g
Pineapple Saffron Martini,0.34 g,29.59 g,0.15 g
Leap Year Cocktail Recipe,0.01 g,0.43 g,0.0 g
Foil Pack Cinnamon Apples,0.99 g,61.56 g,6.23 g
Pumpkin Old Fashioned,0.38 g,22.03 g,0.11 g
Tarragon-Mustard Rémoulade,0.89 g,1.87 g,44.98 g
Neely's BBQ Pulled Pork Egg Rolls,165.77 g,492.02 g,480.58 g
Sweet and Crunchy Garden Salad,41.32 g,246.54 g,282.63 g
A Cuban version of a Manhattan Recipe,0.01 g,0.39 g,0.0 g
Watermelon and Basil Martini,1.07 g,12.35 g,0.26 g
White Knight,0.03 g,3.85 g,0.02 g
Grilled Vegetable Pitas,22.8 g,48.47 g,19.7 g
Hearty Chicken and Rice Casserole,277.77 g,185.65 g,48.77 g
Vanilla Bean Crème Brûlée,52.16 g,163.36 g,53.35 g
Hummus Tartine with Sprouts recipes,8.37 g,34.76 g,18.01 g
Vegan (Or Not) Peach Creamsicle Sherbet,55.03 g,439.96 g,52.51 g
Cîroc Champagne Cosmo,1.31 g,23.07 g,0.21 g
Adonis Recipe,0.13 g,7.39 g,0.0 g
Shrimp Newburg on Toast Points,70.99 g,61.58 g,22.27 g
Oven roasted brussel sprouts with rosemary,6.02 g,16.17 g,14.13 g
Turkey Burgers,89.86 g,5.98 g,34.81 g
Sepia's Death & Taxes Recipe,0.33 g,218.13 g,0.16 g
Healthy & Delicious: Broiled Grapefruit Recipe,1.72 g,23.93 g,4.19 g
Oeufs En Cocotte,98.02 g,3.33 g,72.21 g
Simple Buttermilk Biscuits Recipe,34.91 g,205.9 g,96.26 g
Grilled Coconut Rum French Toast,68.16 g,232.38 g,46.14 g
Blueberry Tart,14.68 g,223.12 g,61.31 g
Coconut Macaroons,9.06 g,115.8 g,33.32 g
Pumpkin Soup recipes,58.63 g,302.3 g,104.44 g
Sage-Butter Gnocchi recipes,35.31 g,145.17 g,60.43 g
O' Mai Mai Juice,6.78 g,139.45 g,2.46 g
Grilled Bread with Goat Cheese & Green Olives,186.54 g,751.87 g,133.44 g
Tomato Daiquiri,0.2 g,23.49 g,0.03 g
Lady Genevieve,0.07 g,20.97 g,0.09 g
Grilled Cheese with Roasted Tomato Spread,63.54 g,115.83 g,103.45 g
Watercress Salad with Fennel and Citrus,9.0 g,73.4 g,21.63 g
Delmonico's Eggs Benedict,151.62 g,239.33 g,238.3 g
Sparkling Apricot Sorbet,10.03 g,289.77 g,2.69 g
The Lumière,0.16 g,27.62 g,0.22 g
Apple Cinnamon Rum recipes,0.2 g,11.97 g,0.15 g
"Bloody Carrot ""Bacon""",2.44 g,53.64 g,14.15 g
Green Monster Recipe,0.16 g,10.71 g,0.12 g
Chef Phil's Deviled Eggs Recipe,34.33 g,5.62 g,114.35 g
Champs-Élysées Cocktail,0.09 g,7.86 g,0.08 g
A Spanish Potato Tortilla On Hiking Trails,33.91 g,71.29 g,28.06 g
Widow's Kiss,0.03 g,10.16 g,0.09 g
Lime Rickey Recipe,0.51 g,125.75 g,0.08 g
The Presidential Cocktail,1.47 g,30.72 g,0.98 g
Horn & Hardart’s Macaroni and Cheese,76.33 g,208.33 g,86.88 g
Avocado Dressing,4.18 g,18.97 g,118.42 g
Corpse Reviver No. 2,0.12 g,2.73 g,0.07 g
Little Black Dress,14.88 g,128.37 g,58.96 g
One-Eyed Sailor,121.62 g,68.3 g,200.02 g
The Obamatini Cocktail Recipe,0.44 g,28.44 g,0.13 g
Time for a Drink: Fallen Leaves Recipe,0.02 g,0.77 g,0.0 g
DIY Vinaigrette,1.15 g,29.18 g,109.03 g
Deviled Eggs,66.49 g,6.44 g,94.97 g
Easy Roasted Potatoes with Garlic recipes,32.71 g,273.54 g,74.46 g
Grilled Pesto Potato Salad,77.6 g,110.33 g,539.65 g
Bourbon Renewal,0.11 g,19.01 g,0.11 g
Collard Green and Artichoke Dip,94.87 g,128.8 g,271.76 g
Cinnamon Honey Butter,2.11 g,65.66 g,184.19 g
Chicken Anticuchos,119.55 g,29.61 g,79.74 g
Rosemary-Grapefruit Fizz,4.37 g,172.29 g,1.91 g
Carrot Ribbons with Sesame,1.71 g,17.71 g,4.95 g
Rum Swizzle,0.85 g,51.98 g,0.16 g
Steak?And?Egg Salad Sandwiches,204.63 g,110.44 g,235.8 g
Gin & Gomme,0.27 g,6.33 g,0.13 g
Middle Eastern Hummus,73.13 g,183.21 g,155.98 g
Yogurt Pops,9.07 g,34.05 g,7.9 g
Dad's Eggnog,54.72 g,167.63 g,145.07 g
Wine Spritzer,0.24 g,3.66 g,0.04 g
Baileys Cherry Cafe,1.5 g,27.77 g,6.77 g
El Presidente Recipe,0.04 g,7.98 g,0.06 g
Crunch Top Apple Pie,25.57 g,407.29 g,44.01 g
Gabriella's Farmers Cheese Gnocchi,66.49 g,63.92 g,28.47 g
Nick'S Chipotle Grilled Shrimp With Black Bean Salsa,16.66 g,4.35 g,28.34 g
Carrot-Thyme Soup With Cream,12.37 g,212.76 g,46.58 g
Spring Spice,0.63 g,19.31 g,0.23 g
Whipped Butternut Squash and Red Onions,14.49 g,148.93 g,64.02 g
Warm Bulgur & Lentil Salad,24.1 g,79.63 g,7.4 g
French 95 Cocktail Recipe,1.98 g,59.79 g,0.17 g
Cajun Grilled Chicken,246.33 g,20.33 g,41.76 g
Brown Rice Sushi Balls,24.34 g,155.96 g,40.16 g
Orrechiette with red Kale and Bacon cubes,55.18 g,133.72 g,74.68 g
Chocolate-Pomegranate Toasted Walnuts,2.6 g,99.34 g,72.74 g
Maple Manhattan,0.03 g,9.6 g,0.01 g
Midnight Ride Cocktail Recipe,0.51 g,13.62 g,0.17 g
Vanilla Roasted Walnuts,1.24 g,33.92 g,18.73 g
Parchment Candied Beets & Greens with Blood Orange & Balsamic,30.83 g,246.37 g,44.16 g
Scofflaw recipes,0.24 g,13.0 g,0.07 g
Herb-Infused Pisco Sour,2.25 g,23.82 g,0.44 g
Cranberry-Chipotle Turkey,150.43 g,219.51 g,51.6 g
Parmesan Flans with Tomatoes and Basil,70.88 g,48.99 g,44.47 g
Fast Blue Cheese Dressing,12.83 g,6.31 g,115.22 g
Slow Roast Tomatoes,3.55 g,24.14 g,1.22 g
Tivoli cakes,20.25 g,380.96 g,60.85 g
"Sweet Potato, Cranberry and Pecan Salad",9.55 g,140.8 g,65.44 g
Orange Chicken,142.59 g,58.69 g,299.67 g
Time for a Drink: Suffering Bastard Recipe,0.12 g,12.36 g,0.02 g
Sloe 75,0.39 g,68.49 g,0.26 g
Ginger-Champagne Cocktail,0.23 g,6.24 g,0.05 g
Endive with sweet cheese,24.7 g,75.98 g,60.12 g
Nana's Chicken Seafood Gumbo,277.57 g,200.76 g,152.65 g
Peach Cooler Recipe,0.37 g,29.1 g,0.09 g
Peanut Butter Banana Cake,78.91 g,255.43 g,140.81 g
Seafood Pizza,43.62 g,36.3 g,32.35 g
Deviled Eggs,66.49 g,6.44 g,94.97 g
Mexicali Chicken,128.05 g,3.77 g,28.7 g
Meatloaf,278.3 g,196.48 g,308.54 g
Scotch Negroni Recipe,0.05 g,9.9 g,0.09 g
Pomegranate Clementine Martini,0.18 g,6.59 g,0.14 g
Chile Mustard Pork Kabobs,15.83 g,20.59 g,77.1 g
Chicken Fried Rice,161.83 g,242.99 g,106.94 g
Oysters Rockefeller Soup Recipe,95.87 g,209.19 g,135.19 g
Manhattan Jelly Shots,12.2 g,77.48 g,0.01 g
Overnight Eggnog French Toast,111.8 g,686.83 g,435.71 g
Chili Fries Recipe,116.64 g,210.6 g,190.5 g
Sesame Asparagus recipes,13.1 g,24.59 g,32.71 g
The Leviathan,0.09 g,1.82 g,0.02 g
Lemon-Basil Risotto with Tomato Topping,89.49 g,310.5 g,73.18 g
Oven-Roasted Rack of Pork,284.2 g,357.58 g,170.08 g
"Absinthe, Anyone? Try The Necromancer Cocktail recipes",0.11 g,12.0 g,0.11 g
Glazed Walnuts,0.46 g,19.59 g,1.79 g
The Kilbeggan Dubliner Cocktail,0.23 g,16.04 g,0.01 g
Cheeto-Crusted Jalapeño Poppers With Bacon,76.49 g,84.83 g,274.91 g
Norwegian Wood Recipe,0.02 g,2.86 g,0.02 g
Wine-Poached Peaches,11.54 g,161.96 g,59.71 g
Shrimp Kebabs,95.89 g,27.69 g,31.84 g
Singapore Fling,0.19 g,11.13 g,0.04 g
Pumpkin Soup,56.71 g,299.68 g,69.76 g
Citrus Grilled Salmon,27.34 g,38.86 g,21.63 g
Mashed potatoes with reconstituted milk,44.0 g,326.99 g,49.53 g
2 GINGERS Hot Toddy,0.13 g,32.69 g,0.15 g
Yellow Jacket Recipe,0.05 g,20.11 g,0.15 g
Tuna-Quinoa Toss,24.2 g,33.28 g,15.96 g
Off The Wagon,1.33 g,57.28 g,0.51 g
Celebrate Fat Tuesday with the Pinnacle® Creole Mary!,15.63 g,64.48 g,5.44 g
Chess Pie,31.15 g,430.47 g,134.83 g
Broccoli Chicken Tortellini,69.02 g,95.75 g,58.41 g
"Masala Soda (Lime, Whiskey, Blackcurrant, Etc.)",0.17 g,45.13 g,0.17 g
Sizzlin' Skillet Baked Chicken,246.41 g,13.9 g,55.01 g
Salsa,3.86 g,20.82 g,0.67 g
Cabbage Orange Salad,7.29 g,47.48 g,14.41 g
Spicy Maple and Rum Tottie,0.26 g,12.87 g,0.12 g
Orange-Asparagus Salad,6.54 g,27.63 g,9.58 g
Baked Chicken,108.97 g,0.86 g,48.36 g
Spicy Deviled Eggs,66.49 g,6.44 g,94.97 g
Blackberry Smash,0.55 g,17.19 g,0.17 g
Persimmons Grand Marnier,0.53 g,17.02 g,11.72 g
Simple cheeseburger and handcut fries,44.37 g,110.53 g,64.95 g
Mimosa Granita,2.77 g,140.8 g,0.74 g
Cupid's Cider Cocktail,0.12 g,7.71 g,0.1 g
Ultimat Sparkler,0.32 g,16.32 g,0.08 g
Shrimp Creole,206.36 g,76.37 g,38.81 g
Roasted Delicata with Bacon-Shallots and Pomegranate,32.85 g,132.06 g,45.75 g
Virgin Mary,10.81 g,56.54 g,3.63 g
Mashed Rutabagas recipes,10.22 g,43.35 g,5.28 g
New Cuban,3.0 g,17.62 g,0.07 g
Herbed Lemon Chicken Breasts,246.71 g,16.47 g,55.44 g
"Coconut, caramel & pecan dairy-free ice cream",26.43 g,77.92 g,209.71 g
Good Eats Meatloaf,240.63 g,181.67 g,134.31 g
Pisco Sour Recipe,3.0 g,18.13 g,0.06 g
Remontel Toddy Recipe,0.98 g,25.76 g,0.29 g
Emerald Martini,0.48 g,18.37 g,0.21 g
Fried Oysters,204.24 g,339.24 g,617.63 g
Grilled Asparagus Rafts,8.25 g,13.59 g,7.87 g
Summer's Delight,1.46 g,40.52 g,0.37 g
Garden Fresh Israeli Couscous,34.49 g,205.58 g,30.03 g
Blue Crab Deviled Eggs,90.81 g,12.42 g,229.51 g
Rosemary Roasted Almonds,0.68 g,1.98 g,14.59 g
Red Snapper,0.69 g,4.5 g,0.22 g
Vanilla Bean Crème Brûlée,52.16 g,163.36 g,53.35 g
The Yellow Jacket Recipe,0.23 g,22.03 g,0.18 g
Tippled Red Wine Linguine,76.67 g,195.98 g,76.25 g
Hungry Girl’s Spiced Apple Salad,2.86 g,20.04 g,4.11 g
Meatloaf Muffins,88.25 g,29.18 g,97.16 g
Knickerbocker Swizzle,1.34 g,33.32 g,0.22 g
Cashew-Crusted Tilapia With Wild Rice,13.7 g,46.89 g,12.95 g
Pok Pok's Rhubarb Blush Recipe,0.14 g,3.16 g,0.02 g
Poor Man's Soup,28.98 g,93.73 g,10.66 g
Garlic Herb Chicken,103.2 g,8.17 g,21.79 g
Blue Cheese Dressing recipes,18.7 g,8.48 g,23.38 g
Faux Fried Chicken,38.07 g,117.44 g,13.4 g
Butternut Souffle,6.17 g,20.92 g,4.17 g
Spinach & Cheese Strata,180.08 g,220.14 g,166.89 g
Chicken chow mein,98.55 g,134.91 g,37.38 g
The Lion's Tail Recipe,0.92 g,16.29 g,1.24 g
Sesame Chicken,138.91 g,86.9 g,83.5 g
Grandmother's Banana Pudding,38.24 g,293.61 g,29.81 g
Come Fly With Us,0.34 g,17.03 g,0.09 g
Portmanteau Cocktail Recipe,0.34 g,11.73 g,0.12 g
The Chanel 75 Cocktail,0.09 g,14.0 g,0.04 g
Grandma's Rice Pudding,91.7 g,481.48 g,182.6 g
Pink Passion,0.07 g,14.77 g,0.09 g
Cheesy Onion Artichoke Dip,95.87 g,106.94 g,184.28 g
Wildly Interesting Wild Mushroom & Arugula Tart,80.66 g,199.24 g,697.65 g
3-Ingredient Walnut Flourless Cake,72.47 g,293.63 g,202.57 g
Gazpacho,4.24 g,15.49 g,0.59 g
Easy Roasted Potatoes With Garlic Recipe,33.27 g,276.96 g,74.64 g
Far-Out Curry Dip,0.7 g,4.17 g,178.24 g
Sparkling Julep,0.12 g,18.16 g,0.01 g
Rusty Gate,0.04 g,3.03 g,0.03 g
Chicken with Black Bean Salsa,47.6 g,34.91 g,18.33 g
Zombie Cocktail Recipe,0.79 g,9.05 g,0.22 g
Warm Turnip Spread,12.56 g,30.23 g,20.62 g
Peanut Butter Macaroons,24.82 g,163.56 g,66.47 g
Whiskey Cream Sauce,5.7 g,12.43 g,79.33 g
Porcini Mushroom Risotto,37.1 g,179.31 g,79.93 g
BBQ Pot Stickers,136.57 g,670.24 g,279.41 g
Chocolate Coconut Nests with Jelly Bean Eggs Recipe,10.45 g,97.09 g,51.51 g
Chicken Sausage And Potato Skillet,20.94 g,65.36 g,19.01 g
Maryland Style Mac 'n' Cheese recipes,362.96 g,580.46 g,428.77 g
No Fail Black Beans And Rice Garnished With Crispy Baked Plantain Chips,49.39 g,374.13 g,20.78 g
Raw Vegan Coconut Macaroons,31.57 g,95.83 g,112.34 g
Lithuanian Summer Borscht,42.28 g,128.69 g,25.92 g
Don't Mind If I Do Recipe,0.1 g,18.79 g,0.06 g
Fennel-Mint Green Mix recipes,0.72 g,2.17 g,0.6 g
Homemade Mayonnaise,8.65 g,7.07 g,341.31 g
Korean Hwayo Negroni,0.02 g,0.86 g,0.0 g
Mint Cream Dream,78.0 g,157.1 g,73.96 g
Apple Pie Grilled Cheese Sandwich recipes,20.42 g,63.28 g,44.17 g
Espresso Crème Brûlée,55.77 g,186.45 g,49.84 g
Spiced Oven Fries,11.23 g,93.43 g,14.7 g
Commodity Pasta,93.43 g,344.51 g,88.59 g
Creamy Tomato Lasagna,268.39 g,213.68 g,246.97 g
The Pessimist's Requiem,0.21 g,33.93 g,0.15 g
Baby Takes a Nap Recipe,0.0 g,10.48 g,0.0 g
Cold Pudding with Bulgur Grain,49.03 g,116.12 g,148.69 g
Celery & Blue Cheese Dip with Tomato Juice,10.32 g,10.65 g,9.37 g
Spiked Vanilla Chai Froth,1.49 g,20.07 g,2.87 g
Roasted Asparagus with Balsamic Browned Butter,11.22 g,20.01 g,23.66 g
Thai spinach bites,8.83 g,36.33 g,9.66 g
Raw Kale Shiitake Salad recipes,10.38 g,22.63 g,38.08 g
Fruit Crisp,25.33 g,316.89 g,99.11 g
Foolproof Chocolate Fudge,70.61 g,568.83 g,240.49 g
Cheese Straws,73.91 g,383.47 g,217.48 g
Lime Scallops,110.91 g,53.3 g,45.31 g
Cheddar Ginger Wafers Recipe,64.84 g,109.96 g,123.89 g
Lemon & Walnut Crusted Cod,47.49 g,17.28 g,44.54 g
Cranberry-Whiskey Sour Slush,1.93 g,258.75 g,0.7 g
Carpaccio of Cherries with Creme Fraiche,1.72 g,22.07 g,11.15 g
Chicken with Apricot Dijon Mustard,104.02 g,118.15 g,12.87 g
10-Minute Egg Drop Soup,43.17 g,69.38 g,42.96 g
Cheese Balls Three Ways,16.27 g,13.57 g,179.47 g
Ooey-Gooey Jam Jar Bars,28.27 g,508.59 g,164.98 g
Apple Pie,20.96 g,564.57 g,142.26 g
Scottish Breakfast,0.6 g,11.14 g,10.5 g
Hibiscus Mojito recipes,0.24 g,82.21 g,0.07 g
Hand-Formed Parmesan Tater Tots,36.61 g,85.51 g,30.3 g
Fines-Herbes Omelet: Conventional and Classic,19.4 g,4.6 g,20.42 g
Patriots Punch,0.13 g,16.28 g,0.1 g
Ultimate Country Style Soup,78.05 g,104.08 g,175.56 g
Heavenly Bread,69.85 g,179.1 g,466.66 g
Prairie Fizz,0.59 g,15.67 g,0.17 g
Couscous with Orange,9.97 g,54.46 g,0.5 g
Champagne and Summer Fruit Wedding Jelly recipes,24.82 g,70.45 g,0.26 g
Tennessee Hollow,0.04 g,1.12 g,0.0 g
Kerouac Cocktail,0.18 g,8.32 g,0.1 g
Roasted Cedar-Plank Salmon with Mustard-Maple Glaze,149.32 g,77.47 g,41.86 g
Honeyed Cherry Daiquiri,0.85 g,31.88 g,0.17 g
Summer-Squash Bowl,47.7 g,18.17 g,24.89 g
Grilled Fuji-n-Chick 'Wich,38.03 g,41.48 g,24.15 g
Fresh Peach Salsa,5.4 g,59.11 g,1.47 g
Beet and Hearts of Palm Salad Recipe,20.58 g,34.45 g,14.46 g
Lemon-Blueberry with Mascarpone Oatmeal,7.57 g,40.93 g,9.9 g
Green Beans with Caramelized Onions,9.98 g,70.43 g,23.38 g
Original Ranchandreg; Pork Chops,106.57 g,19.57 g,35.82 g
The White Gold of Norway?!,47.49 g,17.28 g,44.54 g
Bite-size Cherry Pie Bites,35.04 g,310.51 g,186.53 g
Apple Cinnamon Turnovers,13.99 g,155.78 g,36.19 g
Spicy Chicken Salad,52.15 g,3.69 g,6.73 g
"Strawberry, Arugula, And Goat Cheese Pizza",51.79 g,191.02 g,56.56 g
Hasselback Eggplant Parmesan,139.61 g,159.23 g,148.51 g
Neely Clam Chowder,203.96 g,186.92 g,73.13 g
Intro to Aperol Recipe,0.11 g,8.19 g,0.05 g
Cauliflower Canapés,39.8 g,171.75 g,77.97 g
"grilled rock cod with miso, leek, and nectarine compote",67.22 g,66.34 g,33.57 g
Pépa (Cognac And Vodka Cocktail),0.12 g,2.12 g,0.02 g
Original Martini,0.1 g,6.69 g,0.01 g
Asian (Soy and Citrus) Glazed Chicken Thighs,152.58 g,28.84 g,145.1 g
Southern Green Beans,207.94 g,82.62 g,58.92 g
The Cherry Bomb,1.03 g,19.76 g,0.23 g
Super Breakfast Burritos,76.58 g,143.62 g,61.97 g
Paloma Point (Mezcal Negroni With Grapefruit) Recipe,0.21 g,2.96 g,0.03 g
Smoky Iced Tea and Whiskey Cooler Recipe,0.13 g,11.37 g,0.15 g
Prosciutto-Melon Toast,9.18 g,18.61 g,7.48 g
Breaded Chicken Fingers,102.95 g,36.31 g,43.9 g
"Dark Chocolate, Chia, and Cherry Pecan Bar",10.48 g,94.15 g,67.01 g
Cucumber-Radish Salad,9.69 g,28.35 g,2.38 g
Grilled Corn Casserole,16.45 g,80.78 g,103.62 g
Country Chicken Pâté,151.74 g,33.72 g,65.53 g
The Scarlet Snake Cocktail,1.6 g,12.84 g,0.12 g
Ghanaian Inspired Black Eye Pea's,31.83 g,58.2 g,16.77 g
Ultra-Creamy Mashed Potatoes,69.03 g,370.79 g,77.97 g
Time for a Drink: Hai Karate Recipe,0.42 g,13.38 g,0.11 g
Simple Cucumber Salad,2.63 g,17.19 g,6.21 g
Fresh Mint Ice Cream,29.59 g,187.4 g,46.72 g
Rise and Shine,21.19 g,27.6 g,20.95 g
"Assorted Greens with Feta, Cinnamon Dusted Pecans and Raspberry Vinaigrette",24.97 g,173.85 g,306.44 g
Microwave Brownie in a Mug (single serving) Recipe recipes,3.74 g,55.72 g,29.63 g
Bloody Mary,0.92 g,5.55 g,0.3 g
Three Onion Mac and Cheese,113.95 g,285.32 g,126.13 g
Gin-To-The-Fire,0.19 g,9.84 g,0.08 g
Spicy Butterscotch Pudding,15.18 g,110.08 g,47.34 g
Savory Chinese Soybean Milk Soup,57.41 g,157.76 g,96.96 g
Tomatillo-Avocado Salsa Fresca Recipe,6.28 g,35.79 g,24.24 g
Strega's Walnut Manhattan,0.2 g,9.32 g,0.08 g
Oregon Thanksgiving Special Recipe,0.77 g,0.8 g,0.02 g
Spicy Haddock Fish Cakes,102.58 g,164.23 g,3.68 g
Scotch Bonnet Marmalade Cocktail,0.34 g,22.14 g,0.13 g
Old Fashioned (Bourbon and Orange) Ice Cream Recipe,30.29 g,178.43 g,205.5 g
Barbecue Wings,400.36 g,49.21 g,656.96 g
Zucchini Custards with Tomatoes and Basil,71.88 g,86.68 g,47.81 g
Bananas Foster,17.42 g,295.9 g,181.86 g
Skinnygirl Sweet Potato Pie Cocktail,1.1 g,20.76 g,4.2 g
Cranberry Citrus Dressing,7.64 g,747.92 g,3.26 g
Apple-Pecan Mini Pies recipes,48.31 g,380.02 g,104.58 g
Ring-My-Bella Mushroom Sandwich,15.21 g,40.5 g,28.64 g
City Lights,1.86 g,13.12 g,0.2 g
Blackwood's Gin Spring,0.58 g,14.85 g,0.17 g
Rice Pudding,60.7 g,608.7 g,195.5 g
Individual Sausage Casseroles recipes,134.95 g,21.16 g,121.68 g
Sammy’s Maui Mama,0.49 g,20.96 g,0.15 g
Toasted Paprika Chickpeas,30.39 g,99.03 g,28.82 g
The Prince Of Wales' Cocktail,0.31 g,9.79 g,0.06 g
Bloody Mary-Flavored Gazpacho Recipe,10.49 g,52.84 g,110.43 g
Meat Lite: Lentil Sausage Ragout,81.5 g,181.04 g,71.26 g
Bacon Cheddar Frittata,37.88 g,9.08 g,56.85 g
Bourbon-Caramel Truffles,11.06 g,141.96 g,46.94 g
Marissa Hermer’s Apple Pie,34.18 g,397.77 g,194.93 g
Swiss Chard with Garlic and Oregano,5.33 g,11.86 g,5.1 g
School of Tapas: Garlic Soup Shots,101.61 g,36.44 g,228.64 g
Bourbon Renewal Recipe,0.33 g,19.7 g,0.13 g
French Toast ‘n’ Cheese Sandwich,15.51 g,60.45 g,29.26 g
Aunt Trish’s Salad Dressing,14.9 g,14.82 g,172.03 g
Tiramisu Truffles,29.48 g,191.81 g,161.76 g
Caramel Pears,2.06 g,97.72 g,0.56 g
Turmeric Carrot Spread,7.34 g,31.2 g,44.58 g
Ruby Can't Fail,0.31 g,13.35 g,0.07 g
Chocolate Peanut Butter Sea Salt Power Bites,200.51 g,393.97 g,138.58 g
Chili Cheese Egg Bake recipes,226.5 g,94.25 g,314.04 g
Dinner Tonight: Chipped Beef Gravy,27.23 g,46.93 g,24.22 g
Crunchy Snow Peas with Toasted Almonds,17.31 g,44.63 g,37.23 g
Pommes De Terre En Robe Des Champs,40.14 g,259.98 g,40.45 g
Cheddar Potato Casserole,20.46 g,122.46 g,48.55 g
Sweet-and-Sour Almond Chicken,22.41 g,30.71 g,7.18 g
Sunchoke Chips with Warm Blue-Cheese Dip,52.84 g,171.55 g,50.66 g
Blue Cheese-Topped Pork Chops,129.81 g,4.35 g,102.9 g
A Creamy Sauced Pasta With Artichokes And Bacon,136.18 g,322.0 g,152.19 g
Sensational Turkey Noodle Soup,65.4 g,50.29 g,16.52 g
Velvety Bittersweet Chocolate Pudding,26.76 g,207.68 g,74.93 g
Guacamole,18.66 g,86.54 g,118.41 g
Turkey Caesar Sandwich recipes,30.13 g,29.58 g,19.5 g
Pots De Creme A L’orange,36.91 g,221.5 g,123.57 g
Grilled Asparagus Rafts,12.59 g,21.26 g,8.11 g
Chicken Sicilian,178.89 g,83.44 g,230.66 g
Fennel Coleslaw,8.9 g,64.51 g,1.39 g
Holiday Brunch Bake,151.32 g,153.24 g,256.1 g
Fire Roasted Tomato Soup,8.14 g,40.92 g,29.6 g
Pickled Cucumber and Onion Appetizer,12.86 g,94.98 g,10.46 g
The Rosita,0.02 g,0.77 g,0.0 g
Apple Phyllo Cornucopias recipes,33.67 g,458.82 g,59.43 g
"Lime, Soy, and Maple Drizzle",2.37 g,32.94 g,7.83 g
Coconut Meringues,13.19 g,110.55 g,14.37 g
"Vidalia Onion Burger with Honeydew Melon, Caramelized Onions and Goat Cheese",108.71 g,170.01 g,117.39 g
Pumpkin Maple Milkshake,1.87 g,21.6 g,4.41 g
Jicama Salad With Cucumber And Lime,6.54 g,70.37 g,0.97 g
Peanut Butter Soufflé recipes,58.43 g,145.31 g,157.47 g
Sour Cream Cheesecake,48.13 g,274.31 g,275.52 g
Cherry-Grapefruit Basil Sorbet,6.69 g,193.45 g,1.25 g
Aunt Trish’s Salad Dressing recipes,14.9 g,14.82 g,172.03 g
Muckraker Punch Recipe,0.17 g,11.19 g,0.11 g
Overnight Quinoa Pudding,32.93 g,142.61 g,20.24 g
Fresh Mozzarella on Bruschetta with Garlic Pesto,83.6 g,179.14 g,262.64 g
Lemon Verbena-Buttermilk Sherbet,20.83 g,234.28 g,5.53 g
Kim in the Swim,0.19 g,23.46 g,0.04 g
Turkey Caesar Sandwich,30.09 g,29.48 g,19.49 g
Chocolate Chip Meringues with Strawberries,4.63 g,46.28 g,3.72 g
"100-Year-Old Cigar (Rum, Scotch, and Cynar Cocktail) Recipe",0.03 g,9.13 g,0.09 g
Hot Crab Dip Recipe,44.74 g,13.73 g,112.39 g
Kicked Up Out of the Can French Onion Soup,66.72 g,185.0 g,40.84 g
Quick and Simple No-Tahini Hummus,62.57 g,209.24 g,240.07 g
Spinach Oshitashi Style recipes,21.28 g,26.44 g,5.36 g
Kimchi Avocado Quesadilla recipes,60.22 g,68.31 g,112.34 g
Mama Jean's Chicken Noodle Soup,195.69 g,234.27 g,75.4 g
Golden Yellow Mustard,9.35 g,27.11 g,39.38 g
Fall Classic,2.59 g,115.57 g,0.83 g
Cranberry-Chocolate Fudge,27.92 g,370.54 g,145.28 g
Roasted Fish Sauce Brussels Sprouts,38.73 g,144.8 g,29.92 g
Cheese & Chutney Tostados,59.66 g,66.27 g,43.85 g
Butternut Squash 'Chawanmushi',31.57 g,47.15 g,18.66 g
Goguma Twigim (Pan-Fried Sweet Potatoes),19.05 g,173.92 g,28.42 g
Chocolate-Hazelnut Meringue Kisses,21.28 g,207.12 g,32.13 g
Grilled Sweet and Tangy Pork Chops,168.38 g,37.09 g,73.51 g
Grilled Steak and Onion Salad,105.7 g,47.67 g,75.37 g
Stir-Fried Shrimp With Snow Peas And Ginger,98.51 g,20.68 g,31.74 g
Martha's Sandwich with Bitter Greens recipes,51.45 g,99.25 g,42.49 g
The Sea Grill's Grilled Day Boat Sea Scallops,29.83 g,57.47 g,231.72 g
Mashed Potatoes and Parsnips,28.46 g,227.57 g,44.81 g
Sweet & Smoky Brisket,341.99 g,126.64 g,446.5 g
Smooth guacamole,8.77 g,59.99 g,23.14 g
Creamy Broccoli Soup recipes,22.52 g,56.59 g,18.39 g
West Indies Salad,83.88 g,39.07 g,112.79 g
Parmesan Shrimp Quesadillas,96.53 g,80.5 g,75.63 g
Le Bleu Glacier,0.19 g,5.71 g,0.05 g
Roasted Root Vegetable Soup with Grilled Cheese Croutons,80.42 g,267.79 g,85.29 g
Glazed Aebleskivers,32.85 g,242.76 g,64.39 g
Chocolate-Caramel Angel Food Cake,34.76 g,484.98 g,95.62 g
Garlic Cheese Spread,266.51 g,510.79 g,542.37 g
Singapore Sling,1.52 g,99.02 g,0.39 g
Slushies For Grownups,2.01 g,85.23 g,0.78 g
Kitchen Sink Vegetable Lasagna with Spiced Tofu Cream Sauce,144.81 g,168.57 g,118.63 g
Gazpacho of Cucumber and Fennel with Tomato Sorbet Recipe,16.22 g,161.66 g,56.54 g
Chinese Lions Head Meatballs,233.08 g,260.15 g,243.08 g
Maui's Hot Dog Soprano,25.56 g,19.2 g,67.0 g
Extra-Crispy Lasagna,221.61 g,261.56 g,202.3 g
Test Pilot,0.09 g,20.31 g,0.07 g
Pineapple Sage Mojito,0.87 g,20.62 g,0.71 g
Danish Hakkebøf with Soft Onions - Hakkebøf med Bløde Løg,25.53 g,50.33 g,40.86 g
Indian-Spiced Cashews,26.32 g,78.92 g,70.76 g
Zagorski Å¡Trukli,156.71 g,210.95 g,292.55 g
Ultra Creamy Mashed Potatoes,45.32 g,217.52 g,71.01 g
Anaheim Shrimp Scampi,125.48 g,102.63 g,151.58 g
Chocolate Coeurs a la Creme,31.19 g,180.37 g,229.52 g
Pisco Sour,0.3 g,206.45 g,0.04 g
The Singapore Sling,0.28 g,20.08 g,0.14 g
Shallot Parsley Dip,22.8 g,20.99 g,19.91 g
Roti with Curried Filling,50.34 g,204.19 g,22.93 g
Roasted Raw Bananas,8.11 g,80.46 g,75.44 g
Grilled Breadsticks,4.36 g,14.07 g,12.97 g
Test Pilot Recipe,0.06 g,10.68 g,0.01 g
Kastel's Pumpkin Punch Cocktail Recipe,0.48 g,19.07 g,0.18 g
Shrimp Scampi,162.42 g,401.28 g,113.57 g
Strawberry-Pecan Quick Bread,35.86 g,387.64 g,106.1 g
Spinach and Feta Puff Pastry Bites,27.72 g,36.65 g,36.38 g
Christmas Egg Pie,130.01 g,52.81 g,161.37 g
Drunken Cranberry-Orange Relish,4.94 g,230.76 g,5.56 g
Thai Iced Tea Ice Cream,55.92 g,248.18 g,145.6 g
Absinthe and Old Lace Cocktail Recipe,3.19 g,17.14 g,5.47 g
Candy Corn Trifle,51.1 g,734.24 g,112.55 g
The Pink Drink,2.87 g,52.66 g,0.6 g
Manhattan Ice Cream Float,26.99 g,198.89 g,146.97 g
Cuban Pulled Pork Tacos,278.39 g,72.47 g,287.15 g
Almond Meal Encrusted Chicken Nuggets - REAL FOOD Healing Recipe from Mee Tracy McCormick,191.06 g,25.06 g,137.85 g
Campbell's Classic Green Bean Casserole,25.26 g,147.27 g,63.74 g
Acorn Squash Fondue,71.36 g,81.84 g,191.57 g
"Twice Baked Sweet Potatoes with Rosemary, Gruyere and Coffee Spiced Pecans",14.69 g,85.49 g,46.72 g
Prosciutto-Wrapped Shrimp with Bourbon Barbecue Sauce recipes,83.39 g,95.48 g,45.97 g
The Bijou,0.03 g,5.34 g,0.04 g
Pork Chops with Peach Salsa,169.44 g,44.83 g,73.07 g
Iceberg Salad With Benihana Ginger Dressing,11.46 g,57.99 g,55.89 g
Quesadillas,120.6 g,295.0 g,177.32 g
Sensational Turkey Noodle Soup,65.41 g,49.96 g,16.52 g
Seared Salmon,81.1 g,1.38 g,59.35 g
Shaved Brussels Sprouts Salad,21.91 g,69.71 g,44.26 g
Stir-Fried Beef with Tomato and Basil,60.87 g,41.45 g,75.79 g
Seared Salmon With Cinnamon And Chili Powder,81.1 g,1.38 g,59.35 g
Pumpkin-Swirl Cheesecake,116.18 g,1331.1 g,374.13 g
Spinach-Artichoke Potato Topper,19.57 g,115.32 g,67.56 g
Basil Butter Broiled Oysters,115.45 g,63.68 g,119.49 g
East India Cocktail,0.08 g,10.95 g,0.02 g
Au Gratin Potatoes (Scalloped Potatoes),89.15 g,279.78 g,129.73 g
Asian Salmon Burgers with Grilled Scallions recipes,95.73 g,13.53 g,81.57 g
Quick Chicken Chasseur,185.75 g,32.21 g,158.22 g
Cilantro Grilled Chicken Breast,105.17 g,13.32 g,132.24 g
Roasted Brussels Sprouts and Chestnuts,26.1 g,140.25 g,33.81 g
Firecracker Chicken,179.41 g,42.81 g,82.87 g
Grandma Dora’s Chopped Liver,108.64 g,19.45 g,75.73 g
Smoked Tuna Dip,47.69 g,2.4 g,15.61 g
Savory Green Apple Salad,4.25 g,29.14 g,19.39 g
Macaroni and Cheese,132.92 g,224.58 g,224.77 g
Blue Cheese Turkey Rolls,30.85 g,3.56 g,31.32 g
Blackberry Mary,1.19 g,17.3 g,0.35 g
Chicken Stir Fry,124.52 g,11.77 g,42.06 g
Decadent Skinny Slaw,8.93 g,54.21 g,45.49 g
Pasion Andina,0.69 g,27.55 g,0.22 g
Mellow Yellow Spaghetti Squash Casserole,65.58 g,267.24 g,43.81 g
El Chupacabra,4.02 g,54.42 g,0.82 g
Quick tomato soup with cheesy garlic dippers,41.38 g,87.13 g,41.62 g
Quinoa and Black eyed pea salad,30.28 g,151.97 g,39.21 g
Grits Cheesecake,65.26 g,514.5 g,240.49 g
Gentlemen's Relish Recipe,67.75 g,2.34 g,206.23 g
Corn Fritters a la New England,27.97 g,159.14 g,20.77 g
Louisiana Crab Cakes,44.18 g,47.47 g,26.8 g
Lemony Kale and Roasted Mushroom Salad with Pecans recipes,31.75 g,83.78 g,100.03 g
Agave teriyaki salmon and brown rice,225.47 g,399.61 g,133.27 g
"Purple sprouting broccoli, poached eggs & hollandaise",71.55 g,164.24 g,194.83 g
Easy Green Chile Quesadilla Recipe With Sprouted Corn Tortillas,34.34 g,48.42 g,50.87 g
Mediterranean Pasta Shells,38.58 g,168.61 g,42.05 g
Sweet 'n' Sassy Grilled Flank Steak,169.61 g,27.33 g,78.02 g
Rum-Raisin Rice Pudding,21.66 g,175.77 g,25.54 g
Chipotle Flourless Chocolate Cake recipes,44.5 g,395.17 g,189.79 g
Mini ginger latkes with dipping sauce,35.33 g,118.37 g,16.72 g
Butternut Squash and Bacon Bloody Mary,2.09 g,19.71 g,0.57 g
Seared Salmon with Cinnamon and Chile Powder,81.1 g,1.38 g,59.35 g
Smoked Salmon Spread,43.65 g,13.74 g,106.8 g
Egg fried rice with tomatoes,34.1 g,111.44 g,45.35 g
My Family’s Noodle Kugel,208.36 g,757.6 g,114.75 g
Chile Hold The Beans Add The Vegs,117.27 g,71.13 g,26.36 g
Low-Fat Warm Eggnog,31.97 g,105.23 g,14.15 g
Guinness Float,29.8 g,130.28 g,127.51 g
Shrimp Scampi for the Feast of the Fishes,108.98 g,87.19 g,192.62 g
Eggs Benedict recipes,86.48 g,58.51 g,159.2 g
Edible Pantries Recipe,0.01 g,2.55 g,0.0 g
Slow-Cooked Swedish Meatballs,175.53 g,319.14 g,129.57 g
Raw Chocolate Mousse,14.37 g,132.29 g,62.11 g
Caesar Salad,66.86 g,123.94 g,247.55 g
Easy Green Bean Casserole,21.41 g,139.31 g,58.84 g
Grilled shrimp with olives and feta,67.66 g,9.4 g,70.22 g
"Roasted Chicken Butternut Squash, Potatoes and Leeks",49.4 g,116.2 g,26.29 g
Don't Be Sour,2.96 g,21.57 g,0.1 g
Guy Fieri's Fried Plantains with Sweet Heat,11.84 g,206.46 g,120.46 g
Beef and Vegetable Kabob,98.58 g,18.15 g,87.59 g
Sweet & Spicy Roasted Carrots,6.09 g,76.45 g,30.24 g
"Easy, Lemony Chicken & Rice Soup with Dill",200.16 g,277.52 g,67.05 g
Moist and Savory Stuffing,61.47 g,343.49 g,21.05 g
Apple-Bacon Egg Bake,43.18 g,48.95 g,76.63 g
Balsamic-glazed scallops,83.39 g,33.31 g,49.65 g
Grilled Mango and Marinated Sirloin Kebabs,115.86 g,96.18 g,25.33 g
Caesar Dressing recipes,12.08 g,6.85 g,64.18 g
Hot Artichoke-Parmesan Spread,70.23 g,52.11 g,60.7 g
"Spicy, Smoky Homemade Kale Chips",11.21 g,23.5 g,36.59 g
Classic Chicken Salad recipes,26.47 g,2.52 g,28.67 g
Pad See Ew,28.98 g,155.63 g,65.99 g
Lime-Glazed Angel Food Cake,34.65 g,596.87 g,15.97 g
Lobster With Thermidor Butter,70.84 g,21.45 g,128.56 g
Roasted Tomato Hummus,42.35 g,128.35 g,50.71 g
Sauteed fiddlehead ferns,25.99 g,32.7 g,29.31 g
Spicy Green Bean Salad,20.84 g,120.41 g,47.94 g
Drinking in Season: Cranberry Crush Recipe,0.44 g,218.38 g,0.13 g
Lemon Linguine recipes,73.7 g,184.16 g,57.89 g
Himalayan Salt Bowl Chocolate Fondue Recipe,34.66 g,246.9 g,186.26 g
Caesar Brussels Sprouts Salad with Almonds,22.56 g,39.91 g,35.15 g
Quinoa Eetch (Red Quinoa Tabouli),35.52 g,169.51 g,28.17 g
Strawberry Love Dessert And Its Coconut Cream,16.52 g,119.84 g,76.99 g
Chocolate and Berry-Covered Meringue,21.74 g,252.41 g,15.87 g
Chinese Vegetarian Chicken,39.62 g,67.92 g,56.91 g
"Sautè of Liver, Bacon, and Shallots",103.84 g,59.26 g,145.62 g
Classic Canadian Bacon Eggs Benedict recipes,58.98 g,34.73 g,155.33 g
Chipotle Flourless Chocolate Cake,44.5 g,395.17 g,189.79 g
Roasted Fig Cocktail Recipe,5.0 g,135.28 g,1.88 g
Lemony Prawns & Avocado,187.4 g,413.56 g,190.68 g
Apple and Cashew Spread Sandwich,15.98 g,54.71 g,33.77 g
Sweet Heat Green Beans,7.14 g,35.39 g,24.66 g
Baked Rice and Cheese,149.2 g,594.04 g,152.41 g
Party Cheese Ball,66.98 g,27.37 g,196.47 g
Cold Japanese Soba Noodles with Green Onion,38.9 g,150.13 g,9.94 g
Ginger-Glazed Grilled Carrot And Pea Shoot Salad,7.59 g,73.68 g,28.64 g
Fried ham and cheese sandwich,94.87 g,36.26 g,157.3 g
The Chicago Hot Dog,12.32 g,38.71 g,14.84 g
Chipotle-Honey Roast Cauliflower with Basil,13.16 g,90.45 g,43.85 g
Lump Crab Cakes from Bowens Island,94.81 g,57.85 g,131.8 g
Ultra Creamy Mashed Potatoes,68.23 g,376.47 g,78.66 g
Caramelised Apple Cake With Cointreau Custard,56.46 g,389.76 g,159.32 g
Cheddar and Pumpkin-seed Oatcakes,43.5 g,92.78 g,61.37 g
Pimento Cheese recipes,57.05 g,16.17 g,166.2 g
Pesto Cottage Cheese Dip,86.52 g,298.87 g,131.06 g
Fresh Raspberry Lemon Cheesecake Tart,34.42 g,314.07 g,177.51 g
Fig-Pecan Macaroons,18.18 g,249.45 g,78.93 g
Cilantro Chicken Milanese with Raita recipes,132.73 g,97.51 g,89.35 g
Fig & Squash Blossom Salad,6.35 g,30.01 g,46.25 g
Garlic Cheese Bread,196.95 g,173.29 g,393.45 g
Cheater Baked beans,50.04 g,263.64 g,37.63 g
Grilled Plum & Strawberry Skewers with Sweet Mint Pesto,8.83 g,56.42 g,24.92 g
East of Ireland Recipe,1.32 g,331.48 g,1.09 g
Memphis Magic,3.89 g,39.52 g,35.41 g
“Gypsy” Celebration Soup,79.32 g,295.36 g,55.55 g
Cheese Straws,258.22 g,398.13 g,493.73 g
Fresh Mint Ice Cream,28.01 g,205.21 g,44.29 g
Sugar Biscuits recipes,50.63 g,938.69 g,301.03 g
The Blood Orange Marmalade Sour,1.68 g,25.24 g,0.08 g
Spiced Butternut Soup with Crab,52.77 g,79.05 g,8.49 g
Summer Spaghetti,89.64 g,160.8 g,82.64 g
Honey-Orange Marshmallows,72.31 g,648.5 g,12.14 g
Fresh Strawberry Ice Cream,21.66 g,216.5 g,191.25 g
Roasted Cumin-Rubbed Snapper,123.34 g,66.65 g,66.84 g
Strawberry Yogurt Tartelette,48.96 g,185.03 g,50.98 g
Carmelized onion with bacon and green apple dip/spread,22.08 g,49.91 g,91.59 g
Frosted Cauliflower Recipe,32.93 g,20.61 g,112.92 g
Shrimp Toast,120.65 g,391.69 g,83.07 g
Black Skillet Cornbread,72.12 g,264.58 g,101.56 g
The Awesome-Est Blueberry Muffins,18.65 g,286.51 g,135.67 g
Frog Legs with Garlic and Parsley,89.79 g,6.43 g,21.01 g
Maple Water Golden Milk,0.41 g,4.7 g,27.34 g
Cranberry-Almond Green Salad with Honey Mustard Vinaigrette recipes,22.64 g,20.37 g,196.99 g
Scallops beurre blanc,19.13 g,25.49 g,102.68 g
Spiced-Pomegranate Poached Pears,6.72 g,108.36 g,20.4 g
Alexander McCream Spiced Pumpkin Ice Cream,15.35 g,136.14 g,59.35 g
Orange Sling,0.35 g,40.21 g,0.33 g
Viewing Party Cocktail: A Brief History of Thyme,0.6 g,11.19 g,0.29 g
Deviled ‘Guacamole’ Eggs Dip,46.05 g,15.74 g,64.83 g
Hot Roast Beef Sandwiches,254.49 g,291.71 g,260.4 g
Funky Monkey Parfaits,32.04 g,381.37 g,60.28 g
Salmon Ceviche with Avocado and Ginger Recipe,74.69 g,31.41 g,75.43 g
Apple Injected Smoked Pork,422.8 g,112.22 g,300.14 g
Fudge Cake,66.2 g,508.28 g,342.13 g
Peach and Cardamon Crisp,11.19 g,171.65 g,48.76 g
Individual Sausage Casseroles recipes,204.66 g,25.38 g,234.08 g
Chorizo-and-Cilantro Eggs,71.88 g,7.22 g,159.5 g
Blood Mary Pickles,6.64 g,43.62 g,1.55 g
"Stuffed Red Peppers ,Creole.",26.61 g,84.66 g,41.17 g
Red Hot Apple Pie in a Mug,6.73 g,121.93 g,42.92 g
Flourless Chocolate Cake,57.67 g,392.69 g,297.45 g
Sweet-and-Spicy Yogurt,21.83 g,14.19 g,15.88 g
Cucumber Dill Yogurt Salad recipes,16.59 g,56.3 g,9.33 g
Heirloom Tomato with Mango Vinaigrette on a Toasted Baguette,75.82 g,261.78 g,138.47 g
Homegrown Microgreens Salad recipes,9.83 g,36.62 g,47.89 g
Tomatillo Corn Salsa Recipe,4.85 g,35.43 g,2.54 g
Eat for Eight Bucks: Roasted Tomato Quesadillas with Cilantro Cream Recipe,47.77 g,95.1 g,93.53 g
Balsamic Onion and Thyme Carrots,6.59 g,66.0 g,28.25 g
Sneaky Stovetop Mac ’N‘ Cheese,138.13 g,224.79 g,151.29 g
Butternut Bowl o' Soup,23.21 g,151.88 g,15.54 g
Thai Turkey Noodle Soup,162.99 g,246.95 g,80.25 g
Charleston Bread Pudding With Whiskey-Soaked Raisins,70.01 g,544.27 g,129.05 g
"Roast Beef, Arugula, and Pickled Onion Wrap",19.61 g,46.91 g,10.93 g
Honey-Pear Pizza,37.72 g,183.99 g,64.54 g
Bloody Marys,10.36 g,42.54 g,2.9 g
Pimento Cheese,132.27 g,48.53 g,232.39 g
Sauteed Bananas with Tangy Sweet Cream,7.59 g,166.29 g,34.2 g
MARINATED ZUCCHINI & TOMATO LASAGNA with CASHEW HERB CHEESE recipes,35.64 g,80.72 g,78.88 g
Breakfast Burritos For 2,53.78 g,66.4 g,66.15 g
Balsamic Mushroom Quinoa,27.03 g,136.63 g,37.38 g
Roasted Garlic Aioli,15.48 g,49.44 g,190.19 g
Garlic Cheese Bread recipes,196.95 g,173.29 g,393.45 g
Pumpkin Flip,2.97 g,23.78 g,0.91 g
Game Day BBQ Chicken Pizzettes recipes,165.63 g,496.59 g,474.25 g
Swiss Chard Tzatziki (Yogurt Dip) recipes,22.94 g,90.83 g,31.37 g
The Pit Authentic Barbecue's Coleslaw,13.75 g,89.28 g,252.18 g
Vegetarian Pad See Ew,28.98 g,155.63 g,65.99 g
Italian Pork and Pepper Stew ~ Crock Pot Style,187.76 g,64.41 g,116.05 g
Baby Vegetable Antipasto,38.01 g,117.57 g,38.46 g
My crumble topping,12.21 g,159.36 g,63.06 g
Leftover-Babka Bread Pudding Recipe,77.22 g,342.09 g,144.45 g
End of summer golden gazpacho,38.72 g,203.87 g,90.84 g
Two Turtledoves Cocktail Recipe,1.72 g,163.83 g,1.87 g
Salmon BLT,94.29 g,128.53 g,134.93 g
Quinoa Stuffed Zucchini,28.09 g,116.91 g,74.06 g
Smoked Salmon Potato Nests,19.77 g,42.04 g,52.16 g
Du Barry Chocolate Cake,49.1 g,298.95 g,337.55 g
Mai Tai,0.49 g,16.72 g,0.14 g
Spinach Salad with Warm Bacon Dressing recipes,54.64 g,34.66 g,132.98 g
Asian Chicken Meatballs,92.17 g,29.28 g,70.63 g
Fried Deviled Eggs,95.46 g,145.3 g,237.92 g
Candied Orange Slices with Ganache Dipping Sauce,6.14 g,978.63 g,26.75 g
Pan-Fried Smoked Salmon With Green Beans & Chives,38.53 g,79.65 g,63.01 g
Sensational Chicken Noodle Soup,62.76 g,54.19 g,21.87 g
Spaghetti with homemade canned tomatoes,75.56 g,407.06 g,47.01 g
Grilled Peaches with Honey Cream,18.55 g,114.81 g,40.04 g
Creamy Vegan Butternut Squash Mac And Cheese,132.14 g,453.36 g,72.61 g
Spinach and Bacon Quiche,146.22 g,201.45 g,270.74 g
Marcie's Aioli Recipe,8.77 g,25.98 g,129.22 g
Turkey Re-Hash,303.67 g,566.02 g,183.75 g
Shredded Beef with Red Jalapeno Peppers,61.78 g,34.25 g,75.4 g
Ginger cran apple upside down cake,38.62 g,403.47 g,109.64 g
Mega Egga Macaroni Salad,191.16 g,689.16 g,625.54 g
Spanish Baked Chicken,228.28 g,87.12 g,285.21 g
Grilled Hanging Tenderloin,39.63 g,28.81 g,48.1 g
"Oysters with Creme Fraiche, Lemon, and Tarragon",16.31 g,17.86 g,26.95 g
Blueberry Pie Sundaes,40.69 g,218.37 g,19.61 g
Potato Latkes Made Simple: A Twitter Recipe,31.55 g,110.84 g,118.28 g
Green Bean Casserole,38.7 g,146.44 g,4.81 g
Crispy Pan-Fried Chicken with Ranch Dipping Sauce,36.92 g,34.66 g,54.64 g
Amalfi Style Shrimp,103.99 g,68.59 g,33.41 g
Quick Quarter-Pounders,120.63 g,35.91 g,66.3 g
Light Lemon Mayonnaise,5.63 g,2.76 g,167.25 g
Four-Onion Pizza with Goat Cheese,52.32 g,201.89 g,100.59 g
Tabbouleh with Persimmons and Almonds recipes,27.0 g,110.27 g,69.26 g
Pasta Pomodoro,26.9 g,134.36 g,88.3 g
Spiked Hot Chocolate,29.23 g,177.05 g,72.21 g
"Lemony Green Bean Salad with Feta, Red Onion, and Marjoram",25.7 g,46.68 g,79.5 g
Quick Cajun Chicken Alfredo,231.28 g,506.64 g,194.97 g
Shrimp Scampi,103.75 g,47.06 g,82.09 g
Stuffed Acorn Squash,105.52 g,384.43 g,120.66 g
Orange Roughy with Parmesan and Green Onions,139.15 g,5.86 g,103.46 g
Poc Chuc,147.72 g,34.08 g,67.33 g
Macaroni and Cheese Waffles Recipe,204.41 g,419.87 g,229.87 g
Almond-Crusted Tilapia,78.56 g,19.76 g,39.02 g
Garden Vegetable Quiche,60.6 g,159.55 g,109.18 g
Halibut With Ginger & Cilantro,138.95 g,207.71 g,15.9 g
Bacon-Broccoli Quiche Cups,39.39 g,10.05 g,68.11 g
Crab Cake BLT,138.95 g,233.26 g,479.88 g
Baked Crabcakes Recipe,86.41 g,31.56 g,59.05 g
Shrimp Spaghetti And Asparagus Pesto,187.85 g,288.56 g,100.95 g
Crema de Frijol (spicy cream of black bean),183.4 g,568.12 g,29.72 g
Browned Butter Bananas with Toasted Pecans,9.74 g,149.0 g,72.34 g
Fried Plantains with Sweet Heat,11.85 g,206.52 g,120.48 g
Spicy Chili Chocolate Tofu Fries,45.52 g,36.7 g,33.35 g
"Turkey, Apple and Havarti Sandwich",29.61 g,34.92 g,25.63 g
Cauliflower Soup,13.65 g,47.15 g,15.94 g
"Grilled Chicken, Mango And Jicama Salad With Tequila-Lime Vinaigrette",246.15 g,112.35 g,77.7 g
Chicken Stuffed with Spinach and Feta recipes,136.76 g,10.28 g,46.96 g
Slow-Cooker Italian Beef Sandwiches,47.16 g,18.98 g,22.67 g
Pomato Ricotta Salad,17.93 g,87.45 g,13.46 g
Wedge Salad Dippers,31.66 g,27.84 g,214.78 g
Beet Pizza with Caramelized Onions and Goat Cheese,35.43 g,159.53 g,72.93 g
Mama Mia!,96.96 g,271.73 g,87.05 g
Chocolate-Hazelnut Meringue Kisses,21.28 g,207.12 g,32.13 g
Vanilla And Chocolate Tuiles,15.19 g,105.42 g,47.49 g
Holiday Brunch Bake,137.06 g,65.26 g,181.8 g
"Stella! (Gin Fizz with Cointreau, Orange Juice & Orange Flower Water)",2.35 g,9.79 g,10.59 g
Creamy Avocado Pasta,62.16 g,288.86 g,111.61 g
Blackberry Cobbler,26.87 g,245.56 g,55.54 g
Cranberry-and-Sweet Potato Bake,24.95 g,424.78 g,47.33 g
Beef & Vegetable Casserole,124.13 g,62.52 g,105.02 g
Creamy Cheddar Soup,34.58 g,91.19 g,181.05 g
Petite Vanilla Bean Scones,54.95 g,738.21 g,262.12 g
Green With Envy,0.78 g,17.57 g,0.27 g
Gougères,120.01 g,122.01 g,143.68 g
Strawberries Tuiles,44.73 g,294.32 g,163.68 g
Pan-Seared Shrimp with Rosemary Spaghetti Squash,36.25 g,16.92 g,10.94 g
The Awesome-est Blueberry Muffins recipes,18.65 g,275.33 g,135.67 g
Bulgur with Steak and Chickpeas,20.12 g,40.09 g,20.02 g
Deep-Fried Guacamole,17.21 g,122.67 g,180.51 g
Ramos Gin Fizz,4.13 g,13.39 g,1.73 g
Sardines and Fennel,35.0 g,36.49 g,32.48 g
Broccoli Cheese Soup recipes,239.95 g,319.04 g,333.96 g
Roasted Horseradish Hummus,95.93 g,286.79 g,84.42 g
Simple Grilled Beef with Rosemary,247.34 g,21.15 g,72.77 g
Fritto del' Orto - Carbonated Water Batter,107.54 g,766.4 g,87.63 g
Chicken Bulgur Pilaf,296.78 g,342.32 g,322.5 g
Spicy Spaghetti,133.45 g,382.41 g,154.24 g
Steak Fajitas with Avocado Lime Crema,1.85 g,8.83 g,1.8 g
Concord Cocktail,0.99 g,220.27 g,0.37 g
Best Tuna Salad,77.94 g,41.53 g,30.14 g
Piquant Potatoes,17.16 g,133.24 g,42.08 g
The Best Vegan Baked Mac & Cheese Recipe,83.66 g,441.39 g,81.04 g
Chicken Dippers Lunch,51.68 g,5.47 g,25.19 g
Bay-Scented Vanilla Pudding,20.75 g,110.57 g,26.23 g
Almond Potato Puff,58.57 g,147.97 g,154.35 g
Lemon Linguine,73.59 g,183.61 g,57.86 g
Dark Chocolate Orange Cake,24.72 g,166.25 g,37.84 g
Mulligatawny Soup,76.13 g,178.31 g,120.07 g
Crab Canapés with Cumin,31.1 g,53.92 g,19.81 g
"Baby Artichoke, Parsley, and Celery Salad",41.56 g,140.14 g,75.12 g
Best-Ever Guacamole,14.17 g,68.1 g,88.94 g
Jane's Crab Cakes,180.66 g,39.65 g,167.32 g
"Avocado Tartine with Quail Eggs, Prosciutto & Goat Cheese",33.69 g,103.03 g,33.54 g
Loaded Baked Potatoes with Broccoli & Cheese,54.83 g,144.76 g,108.95 g
Lemon Cloud with Strawberry-Mint Compote,22.05 g,236.94 g,17.82 g
School for tapas: alioli potatoes,23.26 g,152.69 g,221.96 g
Vegetables Stacks with Mozzarella and Basil,65.37 g,50.09 g,97.05 g
Scrambled Egg Burritos,36.61 g,55.52 g,43.66 g
Swiss and Mushroom BBQ Burger,283.11 g,228.84 g,312.78 g
Smoked Cauliflower Soup,49.78 g,134.47 g,17.29 g
Houlihan's Smashed Potatoes,36.6 g,278.59 g,9.95 g
Olive Crema,2.07 g,13.67 g,14.29 g
Soba Noodle Salad With Smoked Duck,82.95 g,262.7 g,195.8 g
Garlic Lentil Soup,58.19 g,179.51 g,31.15 g
Roasted Herb and Garlic Smashed Potato Casserole,64.44 g,175.02 g,53.03 g
Curry Chicken Salad Lettuce Wraps,56.33 g,42.53 g,14.11 g
Freezer Meal Moroccan-Spiced Chickpeas,64.69 g,218.26 g,39.61 g
Spiced Carrot Salad,5.53 g,53.72 g,10.53 g
Celery Daisy,0.16 g,7.17 g,0.05 g
Blackberry Whole Wheat Coffee Cake Recipe,53.24 g,569.34 g,85.25 g
Charleston Cheese Dip,94.62 g,48.36 g,339.5 g
Pimento Cheese Potato Skins,83.54 g,163.84 g,206.78 g
Mrs Cobb's Meatloaf,142.09 g,183.21 g,152.63 g
Key Lime Pie Ice Cream,47.57 g,258.96 g,80.3 g
Swamp Dip,25.46 g,73.28 g,228.86 g
Horiatiki Salata (Greek Salad) recipes,4.61 g,13.6 g,12.27 g
Zucchini Quiche,96.2 g,65.37 g,87.78 g
Breakfast Burrito,78.51 g,156.56 g,111.0 g
Eggless Tofu Salad,54.39 g,29.82 g,38.61 g
Yellow Zucchini Tarte Fine on a Yogurt-Based Crust,43.88 g,170.91 g,88.28 g
Time for a Drink: Reveillon Cocktail Recipe,0.87 g,10.42 g,1.23 g
BBQ Lentils recipes,26.77 g,127.78 g,10.4 g
Lime-y Veggie Stir-Fry with Crispy Tofu,28.12 g,52.02 g,41.37 g
Shrimp-Pineapple Skewers,195.73 g,176.92 g,190.56 g
Potato-and-Rutabaga Gratin,65.19 g,243.04 g,215.84 g
Zucchini Custard Bake,52.26 g,61.57 g,81.18 g
Mocha Silk Pie,44.38 g,534.86 g,317.66 g
Chinese Shrimp & Egg Flower Soup (蛋花湯),75.51 g,116.87 g,43.08 g
Gluten-Free Roasted Vegetable Lasagna Recipe,403.63 g,2772.11 g,274.51 g
Sake Ginger Glazed Salmon,148.83 g,74.87 g,106.95 g
Baked Bolognese,220.24 g,464.83 g,266.83 g
Sweet Potato Fries With Avocado “Mayo” recipes,17.74 g,176.05 g,92.39 g
Bordertown Beef and Bean Torta recipes,159.3 g,215.68 g,180.55 g
Creamy Bacon Cheese Grits recipes,131.97 g,294.29 g,346.82 g
Essentials: Stuffed Eggs Recipe,34.91 g,3.89 g,277.69 g
Dreamy Creamy Macaroni and Cheese,79.5 g,156.97 g,78.18 g
Soy Roast Duck With Hoisin Gravy,135.32 g,89.31 g,34.6 g
Braised Stuffed Tofu,68.66 g,40.42 g,63.62 g
Two -Acid Mediterranean Pasta Salad,89.74 g,405.64 g,260.21 g
Blackberry Peach Bread Pudding With Toasted Pecans,115.26 g,679.82 g,192.89 g
Myron's Crab Cocktail,186.67 g,91.39 g,128.73 g
Butter Turnip-It-Up Creamy Comfort Soup,7.96 g,46.36 g,147.53 g
Sumac-Spiced Eggplant Schnitzel recipes,58.84 g,252.2 g,42.25 g
Dawn's Scampi,182.36 g,188.74 g,217.6 g
Drinking in Season: Spiced and Spiked Blood Orange Cocktail Recipe,0.99 g,223.21 g,1.0 g
Spinach And Feta Turnovers,59.01 g,224.63 g,156.0 g
Minced beef pie,129.95 g,203.97 g,285.17 g
Kale-Ing Your Way Through Meatless Monday recipes,125.51 g,532.14 g,128.21 g
Broccoli Crescent Appetizers,51.31 g,137.46 g,36.24 g
Chocolate Lava Cakes with Pistachio Cream,70.17 g,462.65 g,101.81 g
Tomato Basil Sandwich with Feta Aioli,8.84 g,31.82 g,9.76 g
Easy Kalamata Hummus Recipe,46.6 g,125.28 g,95.83 g
Chickadee - Spinach and Chick Peas,48.14 g,144.05 g,30.19 g
S'mores Martini,25.55 g,204.33 g,42.22 g
Blueberry Almond Rum Cake,69.75 g,630.1 g,365.2 g
Plum and Berry Crumble,23.5 g,295.77 g,107.02 g
Blue Cheese & Berry Tossed Salad,38.01 g,45.54 g,212.73 g
Herb Meatballs with Maple Sweet and Sour,136.57 g,118.71 g,164.0 g
Stuffed 'n Squashed Mushroom Foil Pack,24.47 g,20.31 g,18.3 g
Southern Barbecue Bowl,29.03 g,99.62 g,28.99 g
Ham-Broccoli Strata,140.21 g,137.64 g,106.47 g
Sunday Brunch: Deviled Kidneys on Toast Recipe,320.79 g,164.51 g,82.22 g
My Family’s Noodle Kugel recipes,210.34 g,891.81 g,115.2 g
Cream of Cauliflower or Broccoli Soup,44.84 g,60.7 g,97.28 g
Middle Eastern Eggplant Salad,10.59 g,58.25 g,56.07 g
Spanish Baked Chicken recipes,228.28 g,87.12 g,285.21 g
"Pistachio, Golden Raisin, Cardamom-Scented Pilaf",32.36 g,208.39 g,25.57 g
Lavender-Chamomile Tequila,0.71 g,143.0 g,0.38 g
Dreamy Apple Pie,26.85 g,422.09 g,246.43 g
Beef and Mushroom Cobbler,88.64 g,129.87 g,94.59 g
Borscht,22.55 g,60.76 g,24.55 g
Little Neck Clams with Sungold Tomatoes,79.37 g,169.99 g,58.91 g
Lasagna Grilled Cheese,58.51 g,80.45 g,76.09 g
Quinoa-Stuffed Acorn Squash recipes,55.63 g,243.6 g,49.09 g
Apple Camembert Salad,15.0 g,43.27 g,59.51 g
Samuel Adams Boston Lager Glazed Early Winter Roots,7.58 g,44.85 g,93.19 g
Greek Spaghetti Squash Toss,20.48 g,60.8 g,16.18 g
Andrew Zimmern’s Hot Crab and Artichoke Dip,108.01 g,53.22 g,159.59 g
Cold-Poached Trout With Watercress Mayo,74.56 g,57.82 g,66.87 g
Baked Apple Rings with Caramel Sauce,20.58 g,267.05 g,13.55 g
"Pomegranate, Cranberry & Brie Bruschetta",56.15 g,147.49 g,58.78 g
"Lemon Herb Quinoa with Hemp Seeds, Spring Peas, and Basil",47.43 g,153.89 g,59.65 g
Sticky Sesame Wings,245.19 g,56.22 g,191.61 g
Nutted Chicken-Rice Noodle Casserole,123.95 g,236.09 g,189.42 g
Bbq Meatballs,160.95 g,291.62 g,175.4 g
Bacon and Egg Sandwiches with Caramelized Onions and Arugula,37.52 g,51.14 g,75.39 g
Fresh Fusilli and Prosciutto di Parma with a Pumpkin Cream Sauce,177.51 g,342.22 g,275.06 g
Curried Egg Salad with Mango Chutney recipes,32.09 g,113.28 g,37.24 g
Creamy Bacon Cheese Grits,131.97 g,294.29 g,346.82 g
Barbecue Baked Onion Rings,32.23 g,190.67 g,33.66 g
Bordertown Beef and Bean Torta,159.3 g,215.68 g,180.55 g
Broccoli Shrimp Alfredo,182.84 g,391.59 g,209.82 g
Old-Time Beef Stew,200.99 g,61.12 g,72.78 g
Collard Greens Braised in Coconut Milk,21.76 g,46.18 g,52.82 g
Chicken Salad with Apples and Cranberries,73.48 g,192.44 g,123.08 g
Classic Potato Latkes,28.31 g,199.21 g,60.18 g
Kentucky Hot Brown Recipe,123.28 g,69.8 g,298.59 g
"Smoked Trout Salad With Apples, Fennel And Creamy Horseradish Dressing",13.51 g,56.2 g,73.46 g
Marinated Flank Steak with Blue Cheese Sauce,131.23 g,25.4 g,83.55 g
Crab and Avocado Mimosa recipes,55.88 g,47.19 g,101.47 g
Ultimate Mashed Potatoes,75.03 g,360.54 g,129.02 g
Garlic Chive Shrimp Fried Rice With Garlic Chips,26.5 g,95.49 g,23.71 g
Noodles For Sunday Brunch,15.45 g,31.52 g,20.69 g
Turkey Re-Hash,149.37 g,272.83 g,91.91 g
Lamb chops with blood orange and mint compote and feta mash potatos,55.83 g,84.18 g,110.31 g
Kale and Feta Burrito,53.53 g,184.53 g,32.14 g
The last of the good pears tart,16.87 g,255.14 g,93.35 g
Kafta Mishwiyyeh - Lebanese Meatballs,177.6 g,22.82 g,223.44 g
Cheese and Bacon Soufflé Recipe,124.88 g,40.01 g,217.71 g
Cheesy Bruschetta Chicken,276.85 g,23.72 g,201.23 g
Butternut Penne with Feta and Pecans,83.87 g,421.77 g,87.9 g
Roasted Foie Gras with Apple Onion Compote,43.99 g,60.12 g,161.61 g
Creamy Carrot Soup,23.53 g,126.72 g,32.81 g
12th Man Hot Wings,807.03 g,49.17 g,649.49 g
Anything-But-Clementine Clafoutis,34.82 g,237.19 g,100.71 g
Deluxe Redeye Gravy with Pork Shoulder Picnic,123.97 g,39.42 g,124.93 g
Loaded Organic Baked Potato with Broccoli and Cheese,59.69 g,179.9 g,109.31 g
Tuna Melt,101.24 g,72.96 g,40.45 g
Grated Carrot Salad (Carottes Râpées),9.42 g,92.42 g,56.52 g
Hoisin pork with garlic & ginger greens,120.25 g,75.21 g,81.17 g
Tarragon Corn recipes,17.31 g,96.28 g,52.21 g
Daniel Mancini’s Pasta Fa-zool! (Fagioli),144.39 g,437.36 g,65.44 g
Daisy Brand Quiche,126.22 g,144.57 g,288.43 g
Eat For Eight Bucks: Curried Yellow Split Pea Soup,113.42 g,328.21 g,41.12 g
Coronation Chicken Rolls,81.93 g,29.04 g,855.17 g
Roasted Squash Soup with Turkey Croquettes,146.13 g,268.78 g,77.29 g
Pineapple Fried Rice,92.1 g,292.94 g,63.35 g
Barbecue Chicken Legs,1017.25 g,241.93 g,1002.07 g
Big Daddy's Sloppy Joe Burgers,117.28 g,164.56 g,118.84 g
Milky Way Cake,78.91 g,1041.58 g,401.55 g
Crab Cakes,257.31 g,481.08 g,424.05 g
Barbecue Lentils,27.17 g,132.5 g,14.97 g
Beet Reuben,39.57 g,57.94 g,91.25 g
Roasted Pork and Potatoes With Creamy Applesauce,146.79 g,161.51 g,49.88 g
Veal in Savoy Cabbage with Mushroom Sauce,330.04 g,184.29 g,255.12 g
Nana's Chocolate Sheet Cake,63.37 g,1114.02 g,122.62 g
"Broccoli, Pancetta, and Parmesan Frittata",73.47 g,22.99 g,69.66 g
"Bulgur And Freekeh Pilaf With Roasted Butternut Squash, Feta And Parsley",65.04 g,281.37 g,94.95 g
Black Bean Jalapeno Burritos,54.85 g,258.13 g,51.91 g
Prime Angus Beef Short Ribs,213.2 g,146.8 g,542.99 g
"Romaine, Celery, and Parmesan Salad",14.31 g,7.08 g,21.01 g
Lemon Chiffon Cake Recipe,64.76 g,864.34 g,201.65 g
Chipotle Ranch Egg Salad Wraps,19.88 g,59.61 g,39.48 g
Creamy Cucumber Chive Cups,37.79 g,46.16 g,7.48 g
Pasta Salad with Links,55.65 g,179.63 g,99.26 g
A Better Mug Cake - from the Oven,11.86 g,90.85 g,27.46 g
Guacamole,13.3 g,62.46 g,93.13 g
Sumac-Spiced Eggplant Schnitzel Recipe,58.84 g,252.2 g,195.33 g
Chicken And Avocado Salad,57.41 g,114.18 g,235.61 g
Vegan Nachos,119.72 g,312.06 g,136.44 g
BBQ Chicken Tacos with Red Cabbage Slaw,80.86 g,173.4 g,13.31 g
Fresh Fennel and Red Pepper Chow-Chow,9.56 g,156.79 g,73.52 g
Jarlsberg® Cheesy Corn Muffins,86.85 g,324.54 g,221.89 g
Creamy Clam Chowder,106.41 g,148.0 g,70.36 g
Buttery Apple Crumble,49.06 g,528.35 g,128.98 g
Sour Cream-Chicken Enchiladas,434.75 g,317.89 g,312.75 g
Garlic Cheese Bread,198.49 g,177.69 g,416.73 g
Skillet Steak with Mushroom Sauce,99.25 g,58.82 g,61.16 g
Keto Breaded Shrimp,152.34 g,12.96 g,142.33 g
Hot Cocoa with Tipsy Peppermint Marshmallows,135.35 g,574.6 g,52.75 g
Samuel Adams OctoberFest Soft Pretzel,59.75 g,421.13 g,33.44 g
Garlic Cashew Chicken,130.32 g,54.75 g,161.96 g
Salad With Caramelized Fennel And Apples,23.16 g,55.26 g,69.17 g
Grilled Salmon with Kale Sauté,65.86 g,19.13 g,42.0 g
Perfect Guacamole,9.64 g,45.21 g,59.22 g
Polish Style Nachos,143.73 g,308.56 g,260.77 g
Quick Punjabi Dal Fry,55.03 g,152.18 g,51.74 g
The Ultimate Cheesecake,54.89 g,433.72 g,291.48 g
Crustless Broccoli Quiche,55.57 g,61.83 g,48.54 g
Old Fashioned,0.12 g,9.66 g,0.02 g
"Grilled Chicken, Mango, and Jicama Salad with Tequila-Lime Vinaigrette",247.16 g,119.4 g,78.32 g
Mediterranean Quinoa Bowl,65.37 g,233.41 g,74.62 g
Smashed Raspberry Chocolate Chunk Pancakes,33.11 g,160.57 g,63.97 g
Aunt Trish's Salad Dressing,16.96 g,25.42 g,172.45 g
"Halibut ""Lobster"" Roll with Green Goddess Slaw",83.48 g,37.02 g,41.84 g
Tuna Melt,99.25 g,72.94 g,40.35 g
Double Crust Cherry Pie,45.17 g,549.08 g,201.12 g
Latke-Maki,38.76 g,321.27 g,215.81 g
Sticky Sesame Wings recipes,245.19 g,56.22 g,191.61 g
Spinach-and-Watermelon Salad,9.54 g,71.32 g,8.83 g
Rigatoni with Kale Pesto,100.29 g,382.32 g,148.04 g
Butternut Buttermilk Biscuits,47.9 g,364.29 g,124.87 g
Tiny Meat Cakes (Bolos de Carne),100.98 g,26.94 g,59.47 g
Hamburger And Macaroni,135.67 g,757.61 g,120.41 g
Game Day Chicken Wings,279.2 g,21.12 g,469.5 g
Goodbye Summer Salad,60.48 g,54.5 g,102.75 g
Tomato and Shrimp Stew,117.64 g,153.72 g,34.16 g
Mexi-Latkes recipes,31.3 g,182.24 g,264.75 g
Tulsi Tamatar Shorba,13.74 g,82.25 g,38.29 g
Shrimp “Egg Roll” Stir Fry,27.22 g,22.4 g,8.0 g
Gluten-Free Winter Squash Gnocchi recipes,19.82 g,137.94 g,43.56 g
Kid Friendly Pasta Salad,121.47 g,282.11 g,221.64 g
Southwestern Breakfast Tostadas,29.53 g,47.08 g,23.4 g
Elliott's Easy Chocy Pudding,27.26 g,188.63 g,86.85 g
"Spicy, Peanutty Udon with Kale",32.54 g,85.66 g,35.11 g
Always Wonderful Refried Bean Dip,148.19 g,436.35 g,22.94 g
The Ultimate Cheesecake,68.34 g,442.95 g,369.14 g
Grilled Burgers with Curry Mustard,83.13 g,110.24 g,83.21 g
Stuffed Potatoes With Mushrooms,47.73 g,263.16 g,59.28 g
Grilled Flat Iron Steak with Pistachio Pesto Butter,175.12 g,13.27 g,319.23 g
Lasagna Bella,77.58 g,82.52 g,45.57 g
Asian Ketchup – “Cheater Method”,19.45 g,146.57 g,8.88 g
Lightened-Up Chicken Caesar Platter recipes,51.04 g,26.35 g,83.95 g
Individual Cherry Almond Crisps,39.22 g,526.16 g,342.95 g
Hot Brown Burgers Recipe,146.68 g,73.99 g,369.77 g
Red Wine-Braised Lentils With (Veggie) Sausage,53.44 g,144.3 g,31.19 g
Kiddie (Goat) Stew,423.02 g,97.36 g,131.29 g
Jane's Crab Cakes,180.27 g,37.27 g,167.2 g
Steak with Smothered Caramelized Onion (Bistec Encebollado),192.47 g,50.95 g,393.12 g
Mocha Buttercream Cake recipes,78.6 g,1166.97 g,426.07 g
No-Bake Orange And Cream Pie,37.03 g,425.78 g,285.12 g
Chocolate Whiskey Tangerine Pie,81.4 g,533.83 g,409.52 g
Posole,99.16 g,83.4 g,36.92 g
Tilapia with a Neo-Soul Touch,87.56 g,121.6 g,125.1 g
Slow Cooker Shredded Pork with 'Skillet Apples',255.77 g,199.43 g,160.89 g
Chocolate Waffles with a Fresh Raspberry Syrup,58.18 g,417.01 g,220.63 g
Cook the Book: Cherry Tomato and Tofu Salad,56.28 g,20.64 g,49.31 g
Gina's Simple Lemon Bars,54.98 g,595.01 g,192.04 g
Sweet Potato Casserole Trifle Recipe,39.71 g,377.61 g,414.27 g
Steamed Meat Bao with Preserved Vegetables,95.55 g,234.64 g,79.52 g
Turkey Meatballs,171.34 g,58.53 g,92.37 g
Asparagus Wrapped in Prosciutto,77.41 g,12.4 g,96.55 g
Loco Moco,163.31 g,80.29 g,346.56 g
Not Red Velvet Cake With Fudge Glaze,64.86 g,736.98 g,242.18 g
Summer Melon and Ham Salad with Burrata and Chile,49.86 g,139.98 g,63.23 g
Warm German Potato Salad,63.59 g,173.98 g,140.3 g
Spinach-Turkey Roll-Ups,28.47 g,7.15 g,25.42 g
Vegetarian Green Chile Recipe,9.34 g,52.88 g,2.28 g
Fal Harvest Quinoa Salad,28.64 g,157.66 g,42.75 g
"Cook the Book: Tomato, Montrachet, and Basil Salad",13.44 g,50.88 g,64.42 g
Frozen Pina Colada with Mango Puree,5.49 g,117.69 g,13.74 g
Dreamy Apple Pie recipes,26.63 g,483.85 g,246.3 g
Chocolate Cream Puffs with Salted Caramel Custard Filling,62.7 g,588.39 g,235.07 g
Cherry Almond Crisp,49.43 g,650.46 g,346.01 g
Catfish with Red Pepper Sauce,21.06 g,19.43 g,34.77 g
Restorative Turmeric Elixir,1.82 g,29.21 g,0.58 g
Bake Me Crazy Chicken with Gravy,145.68 g,76.57 g,125.32 g
Strawberry Goat Cheese Oat Pie with Whipped Goat Cheese,70.35 g,174.17 g,159.67 g
Lime Caesar Salad,26.9 g,43.45 g,90.48 g
Couscous with Mushrooms & Sun-Dried Tomatoes,51.57 g,237.83 g,12.24 g
Cream of Spinach Bake,38.64 g,35.86 g,42.98 g
Sweet Challah,61.96 g,354.83 g,60.53 g
"Brussels Sprout Stir Fry With Egg, Chilli, Ginger And Garlic",36.52 g,306.37 g,24.63 g
Classic Shrimp Roll,115.87 g,132.85 g,34.84 g
Red Pepper-and-Pear Soup,34.13 g,160.31 g,45.42 g
Chicken and Dumplings,274.06 g,134.61 g,211.06 g
Black Cat Sandwich Cookies,29.35 g,430.88 g,109.86 g
"101 ""Whaler"" Fish Sandwich",166.86 g,291.0 g,206.96 g
Seafood Soup,70.67 g,70.08 g,7.64 g
Early Girl Tomato Soup,7.22 g,33.34 g,26.6 g
Spiced Carrot-Butternut Squash Soup with Pine Nut Cream,30.0 g,116.45 g,116.06 g
Vanilla Date Pudding,38.76 g,343.76 g,94.42 g
Sweet 'N Spicy Red Eye Ham Steaks With Cheese Grits And Seared Chard,215.37 g,172.29 g,174.02 g
Apple-Cranberry Crumb Pie,13.61 g,578.56 g,25.03 g
The Addictive Pot Stickers,204.27 g,303.45 g,110.41 g
PB 'n Chocolate Bread Pudding Bonanza,43.47 g,186.05 g,58.66 g
Time for a Drink: the 151 Swizzle Recipe,0.1 g,12.31 g,0.02 g
Turkey Meatball Sandwich,169.52 g,201.71 g,130.74 g
cream of tomato soup with orzo,40.34 g,154.42 g,61.38 g
Beet Spinach Salad (Mint And Raspberries),9.9 g,59.34 g,55.7 g
Gertie’s Crab Cakes,88.64 g,16.1 g,119.92 g
Date Butterscotch Pancakes,40.75 g,330.86 g,182.0 g
Baked Chicken Tenders,142.56 g,226.86 g,286.38 g
Stuffed Main Lobster,340.2 g,195.57 g,158.58 g
Quick Chicken Cacciatore,93.61 g,51.65 g,25.34 g
Salisbury Steak with Onion Gravy,207.91 g,100.43 g,195.49 g
Chicken Souvlaki Salad,105.26 g,42.11 g,96.52 g
Drink the Book: The Dahlgren Recipe,1.83 g,94.39 g,0.7 g
Individual Cherry Almond Crisps recipes,49.43 g,650.46 g,346.01 g
Soba Noodle Broth with Chicken,87.96 g,136.87 g,34.0 g
Mini Vanilla Scones with Vanilla Bean Glaze,54.95 g,937.12 g,262.76 g
Smoky Pear & Ginger Margarita,0.68 g,24.6 g,0.24 g
Butternut Squash Soup with Spiced Seeds,39.32 g,215.7 g,59.78 g
Creamy Stove-Top Mac and Cheese,170.47 g,404.64 g,245.26 g
Scrambled Egg Burritos,24.04 g,62.54 g,33.16 g
Leek And Comté Tartlets,31.84 g,38.97 g,68.42 g
Blue Cheese-Topped Steaks,98.69 g,16.43 g,94.04 g
Easy Green Gazpacho,16.9 g,88.24 g,83.5 g
Citrus Dressing and Arugula Salad,33.27 g,93.71 g,252.59 g
Chicken and Onion Kebabs,185.38 g,167.8 g,36.71 g
Beef Stew In Red Wine Sauce,227.75 g,96.07 g,139.91 g
Quick Paella,139.15 g,442.48 g,54.34 g
Classic Chicken Parmigiana,310.39 g,158.83 g,98.56 g
Scoopy Salmon Salad,40.55 g,13.2 g,9.04 g
Mini Grilled Artichoke Hearts with Low Fat Spinach and Artichoke Dip,90.58 g,107.23 g,72.04 g
Christmas Eve Seafood Salad,421.73 g,83.36 g,69.74 g
Hazelnut-Pear Soufflé Recipe,43.06 g,411.15 g,51.88 g
"Potato, Porcini And Squash Gratin",88.74 g,252.69 g,184.56 g
Ceviche-Style Shrimp and Chips,74.92 g,108.51 g,43.39 g
Shrimp Cocktail recipes,28.52 g,114.27 g,3.39 g
Easy cucumber peanut salad--Thai style,39.42 g,92.91 g,52.35 g
Fresh Tomato Pie,69.68 g,139.83 g,164.17 g
Oven-Roasted Spicy Potatoes and Glazed Carrots,59.95 g,651.14 g,111.13 g
Baked Alaskas,115.08 g,312.14 g,65.99 g
Bread Salad,44.09 g,153.84 g,86.03 g
Spanish Chicken,252.59 g,217.32 g,213.23 g
Pumpkin Spice-Cream,73.33 g,351.16 g,91.91 g
Broccoli Biscuit Squares,200.94 g,193.97 g,235.72 g
Sweet Jewel Box Cookies,54.63 g,543.54 g,197.01 g
Garlic roasted potato and spinach (or cauliflower) curry,40.31 g,241.4 g,14.76 g
Classic Wedge Salad with Blue Cheese Dressing recipes,42.53 g,30.13 g,154.3 g
Candied Sweet Potato Ricotta Tart,38.28 g,179.53 g,117.32 g
Brown Butter Pecan Pie,81.46 g,860.34 g,463.21 g
Fresh Crab Springrolls,129.64 g,198.43 g,122.16 g
Flank Steak Tostadas,67.9 g,114.46 g,54.53 g
Fallen Chocolate Cake with Cherry Red Wine Sauce,63.83 g,579.87 g,99.45 g
Blackened Catfish,100.98 g,21.68 g,155.19 g
Ropa Vieja,380.12 g,78.55 g,288.35 g
Chicken Parmesan with Broccolini,70.21 g,41.05 g,30.67 g
Sopa de Lima - Mexican Chicken Lime Soup,179.81 g,101.55 g,106.95 g
Les Oeufs Jeannette,50.71 g,14.05 g,122.47 g
The Kale Mary Recipe,5.26 g,14.06 g,1.01 g
Hot Fudge Hat,40.21 g,442.35 g,213.56 g
Thai Beef Salad,105.25 g,78.69 g,67.46 g
Paula Deen's Crab and Spinach Casserole,248.3 g,167.04 g,147.31 g
Chilli Paneer,58.34 g,97.07 g,20.16 g
Salmon and Asparagus Wraps,36.32 g,59.09 g,12.08 g
Apple Spinach Salad With Zippy Dressing,13.44 g,75.06 g,46.69 g
Sweet Potato & Spinach Dal,61.47 g,175.5 g,31.64 g
Chicken Salad with Asian Vinaigrette,108.51 g,31.19 g,39.27 g
Fusilli with Basil Shiso Parmigiano-Reggiano Pesto,34.63 g,81.23 g,102.17 g
Asian Meatballs with Shitake Mushrooms recipes,98.3 g,49.13 g,68.5 g
Veggie-Filled Burgers,91.74 g,117.89 g,37.23 g
Vegan Mediterranean Pita Pockets,120.28 g,197.28 g,115.53 g
Smokey Red Pepper Risotto with Pimentón,75.01 g,307.04 g,33.42 g
Giant Beans Baked with Sorrel,35.3 g,147.08 g,223.91 g
Rosemary Cauliflower Soup,17.92 g,94.84 g,41.29 g
Greek Lemon Soup —Avgolemono,83.64 g,212.01 g,26.48 g
Grits and Sausage Casserole,88.86 g,134.81 g,91.7 g
Lemon Rosemary Scones,57.52 g,948.19 g,285.25 g
Big Blue Buffalo Jala' Poppers,43.99 g,78.68 g,45.7 g
My Caesar Salad,39.2 g,96.25 g,178.76 g
Banana Chocolate Chip Cake,60.67 g,652.83 g,176.61 g
Rhubarb Berry Pie,16.94 g,275.56 g,61.79 g
Southern Yellow-Squash Casserole,172.47 g,371.15 g,324.63 g
Trout Parmesan,418.33 g,347.7 g,519.37 g
Ham and Cheese Chicken,167.25 g,27.17 g,53.89 g
The Ultimate Fully-Loaded Bloody Mary Recipe,1.69 g,8.33 g,0.55 g
"Tomato, Cucumber, and Fresh Herb Salad",34.89 g,52.87 g,135.0 g
Sweet & Savory Peach Tart,29.44 g,169.03 g,164.26 g
Cajun BBQ Chicken,111.01 g,135.57 g,38.95 g
Slow-Cooked Venison,423.07 g,149.48 g,103.45 g
English Pea Salad,125.12 g,276.04 g,149.07 g
Pasta Salad with Tomatoes and Grilled Salmon,243.23 g,328.71 g,144.12 g
Ginger Tofu Stir-Fry,28.31 g,39.49 g,35.86 g
Mushroom Pie,75.84 g,112.14 g,194.46 g
Susan Feniger's Kaya Toast,39.43 g,241.45 g,95.03 g
Rustic Plum-and-Almond Tart,42.82 g,341.54 g,66.27 g
Pull-Apart Bread,81.82 g,1238.87 g,248.68 g
Caesar Salad with Baby Romaine,46.73 g,112.64 g,89.06 g
Homemade Ranch Dressing,6.43 g,12.16 g,201.69 g
Red berry fruit compote (German rote grütze),34.32 g,196.14 g,37.01 g
Herring and Apple Salad,98.93 g,44.22 g,52.24 g
Christmas chocolate yule log,81.29 g,787.82 g,525.49 g
Grilled Vegetable Sandwiches,50.31 g,199.05 g,81.23 g
Double Winter Delights,36.47 g,96.83 g,35.48 g
Tomatoey Shrimp and Polenta,61.31 g,99.14 g,15.23 g
Chop-Chop Beef Stir-Fry,34.66 g,25.15 g,22.12 g
Buche De Noel,52.37 g,530.77 g,137.42 g
Grilled Snapper with Red Pepper Sauce,120.65 g,20.65 g,35.72 g
Broad bean and runner bean risotto,65.08 g,314.49 g,102.18 g
Snapper Piccata,120.02 g,11.85 g,33.02 g
Grilled Apples with Herbes de Provence and Micro Greens,7.74 g,93.4 g,77.17 g
Italian Seafood Salad (Insalata di Mare) Recipe,272.1 g,82.36 g,264.57 g
Chinese Braised Shrimp E-Fu Noodles (伊麵 - Yee Mein),62.17 g,256.65 g,18.66 g
Chicken Fajita Bar Party!,366.0 g,68.53 g,154.22 g
Ultra Moist Carrot Cake recipes,76.66 g,904.06 g,327.66 g
Creole Red Snapper,143.96 g,23.58 g,23.81 g
Hachis Parmentier,28.24 g,129.69 g,44.58 g
A Little Fruit with My Crisp,60.88 g,628.45 g,274.77 g
Smoked Fish & Cherry Tomato Rarebit,232.28 g,126.99 g,163.44 g
'Dragon prawn' noodles,165.01 g,267.89 g,49.48 g
Instant Pot Adobo Chicken Thighs with Bok Choy & Green Onions,119.35 g,41.79 g,66.65 g
"Zucchini, Kale And Onion Quiche",61.82 g,184.89 g,137.5 g
Christmas Sugar Wafers with Vanilla Icing,27.16 g,386.56 g,54.21 g
Demon Pork,93.98 g,0.22 g,49.97 g
English Pea Salad recipes,125.12 g,276.04 g,149.07 g
Savory Stuffed Acorn Squash,55.43 g,211.39 g,22.19 g
Roasted Sicilian Potatoes,23.73 g,222.52 g,57.55 g
Happy Birthday Pancakes Recipe,19.52 g,88.59 g,74.39 g
CINNAMON ROLLS with COCONUT FROSTING & CARAMEL RAISIN FILLING recipes,50.73 g,649.31 g,66.02 g
Un-Fried Chicken,283.53 g,198.39 g,384.62 g
Skillet-Roasted Citrus Salmon with Grilled Vegetables,123.83 g,75.03 g,104.1 g
Chinois Grilled Lamb Chops,220.84 g,68.4 g,689.02 g
Salmon Mousse,1239.47 g,22.4 g,983.36 g
Sunny's Warm German Potato Salad,42.93 g,127.64 g,93.71 g
Gordon Ramsay's Christmas Pudding,80.69 g,922.26 g,264.56 g
"Penne With Chicken, Chorizo And Chile",172.16 g,341.05 g,161.09 g
Squash Casserole from 'Mastering the Art of Southern Cooking',132.65 g,235.16 g,463.56 g
Fresh Cheese And Cilantro Dip,17.26 g,22.3 g,16.45 g
Peppermint Patty Sheet Cake,49.45 g,1066.72 g,200.63 g
Tuna Burgers With Lemon Paprika Aioli,67.16 g,57.33 g,110.11 g
Potato Gateau,176.76 g,224.46 g,221.7 g
Gazpacho,13.19 g,63.67 g,58.29 g
Arugula Salad with Chicken and Apricots,83.16 g,36.04 g,59.89 g
Seared Spiced Tuna With Zucchini,62.56 g,27.81 g,57.81 g
French style lemon yogurt cake with fresh basil,49.82 g,357.35 g,163.89 g
Turkey Burger Pitas with Tahini Sauce,113.57 g,70.03 g,62.69 g
Mediterranean Pita Melts,46.57 g,139.71 g,37.7 g
Deep Dark Chocolate Layer Cake,68.46 g,1027.98 g,177.08 g
Healthy & Delicious: Italian Egg-Drop Soup Recipe,113.9 g,193.71 g,47.54 g
Warm Brownie Pudding Slow-Cooker Dessert,40.09 g,538.92 g,71.08 g
Beautiful Lamb Shanks,370.1 g,154.13 g,307.04 g
Bacon And Tomato Salad,57.16 g,70.62 g,281.46 g
Easy Caramel Apple upside-down cake,65.34 g,710.83 g,190.01 g
Black Bean Burgers,77.08 g,309.03 g,45.43 g
"Spinach, Green Onion, and Smoked Gouda Quiche",70.65 g,141.46 g,129.23 g
Crab Cakes Chiarello with Shaved Fennel Salad,193.07 g,116.06 g,500.84 g
Creamy Cabbage Soup with Chive Oil and Cumin Seeds,21.88 g,66.11 g,133.42 g
Cherry Tomato and Watermelon Salad,11.14 g,70.22 g,58.18 g
Pasta e Fagioli,139.39 g,321.44 g,87.42 g
Fresh Tomato Sandwiches,39.91 g,63.19 g,37.71 g
Winter Fruit Compote with Selection of Cheese,19.85 g,411.72 g,19.35 g
Baked French Toast Casserole with Maple Syrup,128.81 g,541.41 g,374.69 g
The Ultimate Rosemary BLT recipes,167.72 g,603.67 g,318.46 g
The Michelada,4.01 g,31.24 g,0.14 g
Artichoke Fritters,44.63 g,174.64 g,69.66 g
Sticky Date and Coconut Cake,32.29 g,667.58 g,96.44 g
Indian Spiced Swiss Chard,25.08 g,80.76 g,4.99 g
Cranberry Salsa recipes,1.58 g,86.84 g,0.52 g
Fried Onion Dip,11.26 g,45.62 g,100.02 g
Buffalo Chicken Salad,78.28 g,20.3 g,148.43 g
Amish Pumpkin Cinnamon Rolls with Caramel Icing recipes,56.31 g,494.69 g,107.09 g
Cranberry-orange cloud ice cream,20.8 g,366.9 g,56.27 g
Garlic and Herb Roast Pork and Vegetables,235.78 g,156.25 g,140.79 g
Pecan and Cranberry Crusted Salmon with Cran-Apple Drizzle,149.3 g,216.12 g,170.76 g
Dad's Chorizo and Egg Breakfast Tacos,50.96 g,127.37 g,83.64 g
Sweet Potato and Poblano Salad with Honey and Rosemary,21.2 g,276.24 g,74.68 g
"Spicy, Creamy Chickpeas & Spinach (Chana Saag-ish)",83.76 g,238.44 g,118.21 g
Tomato Bon Bons,187.36 g,261.5 g,1180.89 g
Lasagne that used to be Manicotti,487.56 g,618.19 g,466.13 g
The Perfect Potato Chip,40.71 g,281.17 g,25.54 g
Cobb Salad recipes,290.17 g,147.07 g,594.46 g
Quinoa Pilau,26.28 g,126.28 g,51.7 g
Vegetable Sushi with Asian Dipping Sauce,21.74 g,101.81 g,74.18 g
Old Bay Green Bean Casserole with Crab Recipe,81.74 g,160.38 g,91.31 g
Sour Cream Mushroom Soup,63.73 g,116.71 g,45.05 g
Potato Gnocchi with Lemon-Thyme Sauce,25.61 g,159.87 g,88.42 g
Roasted Oysters with Lemon-Anise Stuffing,80.02 g,81.98 g,34.97 g
Das Pear Pineapple Strudel,7.0 g,104.57 g,83.1 g
Berrylicious Sour Cream Pie,26.11 g,448.18 g,89.37 g
Spiced Jerk Turkey with Mango Salsa,51.49 g,19.44 g,30.32 g
Baked French Toast Casserole,129.12 g,543.33 g,398.98 g
Recipe: Braised Coconut Spinach & Chickpeas with Lemon,57.94 g,161.09 g,108.55 g
Turkey Pot-au-Feu,110.82 g,63.85 g,36.56 g
Individual Spinach-Asiago Gratins,31.99 g,56.85 g,23.33 g
Carrot Cake Whoopie Pies with Cinnamon Cream Cheese Frosting,59.66 g,719.77 g,202.56 g
"Canoas (Ripe Plantain ""Canoes"" Stuffed with Ground Meat)",90.42 g,470.78 g,110.69 g
Miso and Corn Soup,102.07 g,176.96 g,79.36 g
Rioja-braised lamb shanks with chorizo and garlic,390.93 g,121.0 g,685.39 g
Avocado and Corn Tostaditas,23.18 g,112.72 g,53.92 g
Chicken & Mushroom Ragout,100.23 g,19.18 g,73.81 g
Cantaloupe & Green Tomato Salad,7.87 g,59.6 g,9.8 g
My killer guacamole,16.3 g,83.63 g,100.66 g
Apple Turnovers recipes,39.2 g,323.65 g,191.08 g
New York Strip Steaks,155.77 g,210.05 g,203.06 g
Mushy Peas With Oven Baked Chips,25.94 g,127.29 g,15.6 g
Double-Chocolate Soufflé with Vanilla Custard Sauce,61.74 g,291.87 g,58.58 g
Buttered-Pecan French Toast with Bourbon Maple Syrup,82.66 g,445.96 g,259.08 g
Chicken Salad Crostini with Pepitas and Cilantro,99.16 g,171.5 g,275.33 g
Crunchy Quinoa Salad,33.82 g,137.61 g,11.39 g
Ramos Gin Fizz,4.93 g,10.77 g,18.54 g
Grilled Butterflied Lamb with African Spices and Herbed Yogurt,326.72 g,27.72 g,299.81 g
Pat's Smoked Catfish,164.38 g,72.04 g,121.89 g
Pumpkin Sheet Cake recipes,63.05 g,1102.87 g,367.85 g
Seelbach,0.19 g,6.63 g,0.0 g
BALSAMIC GLAZED FIGS w/PANCETTA & MASCARPONE,21.73 g,268.42 g,48.52 g
Cold Noodle Salad With Peanut Butter Dressing,70.51 g,210.97 g,237.98 g
Vegetarian Beyond Meat Juicy Lucy Burger,85.94 g,34.23 g,43.45 g
Mexican Stuffed Acorn Squash,89.45 g,176.5 g,101.1 g
Asian Vegetable Noodle Toss,77.6 g,250.83 g,13.97 g
Dr. Zhivago Borscht,17.55 g,133.73 g,34.56 g
Cook the Book: Barbecued Lentils,30.82 g,125.45 g,15.07 g
Caesar Bread Salad Or Panzanella Giulio,98.97 g,303.62 g,180.76 g
the most delicious chinese chicken salad,160.68 g,40.78 g,428.75 g
Roasted Pepper Pesto Cheesecake,163.66 g,382.56 g,289.6 g
Pasta e Fagioli,63.84 g,191.71 g,21.73 g
Wedge Salad with Parmesan-Peppercorn Ranch,56.5 g,185.26 g,225.97 g
Low Carb Praline Pumpkin Pie,43.14 g,93.16 g,275.08 g
Chicken Stir-Fry Lettuce Wraps,112.82 g,59.38 g,56.02 g
Atf Gingerbread Cake With Gingery Cream Cheese Frosting,43.7 g,834.47 g,175.62 g
Kentucky Chocolate Nut Tartlets,16.77 g,242.78 g,56.69 g
Quinoa Blueberry Muffins,68.27 g,413.95 g,90.63 g
Pear Crisp with Oat Streusel Topping,45.12 g,509.29 g,83.29 g
Duo of New England and Manhattan Clam Chowders,130.22 g,279.43 g,65.2 g
"Lamb tajine with apricots, saffron and ginger",213.18 g,224.76 g,312.84 g
"Potato Salad With Watercress, Cucumber And Radish",16.38 g,105.19 g,50.35 g
Spiked cranberry nut bread pudding,66.76 g,302.61 g,185.07 g
Sweet Potato And Beet Fritters With Herbed Buttermilk Dip recipes,39.19 g,149.9 g,76.25 g
'Bella Asada Fajitas,12.39 g,85.11 g,14.77 g
A Charoset-inspired sweet relish,10.42 g,80.79 g,28.06 g
Chocolate Cupcakes with Vanilla Cream Cheese Frosting,49.88 g,577.51 g,142.08 g
Slow-Cooker Carrot Cake With Cream Cheese Frosting,33.42 g,286.1 g,144.75 g
Poached Eggs with Chipotle Dressing and Avocado Relish and Andouille Hollandaise,101.69 g,211.33 g,845.81 g
Turkey-Stuffed Mushrooms with Roasted Tomato Aioli,36.12 g,29.26 g,29.06 g
Cranberry-Apple French Toast Casserole,104.28 g,514.44 g,118.58 g
Caesar Salad,39.59 g,98.24 g,178.79 g
Chocolate And Peanut Butter Ice Cream Sandwiches recipes,108.02 g,614.91 g,525.87 g
Chicken Pastilla,205.32 g,191.6 g,203.38 g
Simple Butternut Squash,11.86 g,85.54 g,14.96 g
Apple Inception Cocktail,0.23 g,7.09 g,0.1 g
Artichokes alla Romana,32.8 g,150.19 g,3.86 g
"Spinach Salad with Bacon, Blue Cheese, Pecans, and Cranberries",76.1 g,181.73 g,222.42 g
"Mixed Greens with Jicama, Orange, and Pickled Red Onions",20.13 g,122.65 g,161.22 g
Spicy Pickle Fries with Homemade Ranch Dip,36.86 g,154.88 g,54.84 g
Seelbach Cocktail,0.13 g,10.32 g,0.07 g
Crawfish Beignets with Spicy Remoulade,40.9 g,238.4 g,203.47 g
Chocolate-Almond Cheesecake Bars,75.36 g,299.24 g,164.61 g
"Crostini with Gorgonzola, Caramelized Onions, and Fig Jam",64.82 g,265.84 g,57.67 g
Grilled Chicken and Egg Potato Salad,205.37 g,139.85 g,110.64 g
Cashew Chicken Bake,149.18 g,173.27 g,113.57 g
Texas Caviar,48.42 g,178.41 g,46.04 g
Crispy White Fish + Sweet Potato & Beet Curly Fries,118.58 g,117.11 g,67.47 g
"Pasta with Lemon Cream Sauce, Asparagus, and Peas",44.91 g,213.35 g,45.4 g
Peppermint Patty Cake with Vanilla Mint Frosting recipes,52.51 g,1212.98 g,571.51 g
Rum Old Fashioned recipes,0.35 g,284.46 g,0.0 g
Black Bottom Banana-Cream Pie,45.4 g,294.66 g,73.43 g
Italian Wedding Soup,154.59 g,166.97 g,138.85 g
Young Corn And Celery Soup,44.54 g,162.83 g,58.11 g
Crisp Crab Cakes,113.3 g,55.98 g,56.34 g
Spinach Stuffed Spicy Panko Crusted Pork Chops with Creamy Rustic Pan Sauce,139.32 g,118.24 g,111.07 g
"Tagliata With Green Tomatoes, Oregano And Mustard Recipe",106.35 g,55.28 g,151.0 g
Strawberry Shortcake Cake,60.15 g,1218.48 g,404.79 g
Green Chile Tortilla Bake,196.16 g,486.11 g,289.14 g
Crab Cake Poppers,107.96 g,73.39 g,280.89 g
Potato-Zucchini Skillet Pancakes with Cherry Tomato Salad,20.1 g,199.24 g,26.91 g
Vermouth Cocktail Recipe,0.13 g,3.87 g,0.02 g
A&O Pasta (Almonds & Oysters Pasta),77.66 g,256.82 g,169.44 g
Red-Braised Pork (Hong Shao Rou),79.05 g,67.02 g,340.88 g
Apple Crostata with Oat Crumble Topping,47.82 g,676.38 g,178.16 g
Mississippi Mud Pie,46.55 g,437.23 g,114.57 g
Queens Park Swizzle Recipe,0.23 g,18.61 g,0.06 g
Chocolate-Zucchini Loaf Cake,50.92 g,441.54 g,144.43 g
Sazerac,1.06 g,7.23 g,0.95 g
Salmon & Puy lentil salad with olive dressing,193.4 g,362.68 g,124.98 g
Capellini Primavera,98.3 g,490.73 g,107.99 g
The Jameson Black Barrel Old Fashioned,0.23 g,14.99 g,0.14 g
"Gin and Tonic, Remixed",2.96 g,30.28 g,0.56 g
Pumpkin-Sweet Potato Soup,15.75 g,107.52 g,75.15 g
Roast Chicken with Boiled Potatoes and Boston Lettuce Salad,384.37 g,505.28 g,156.57 g
Baked Pita Chips with Charred Three Onion Dip,63.59 g,252.6 g,237.73 g
Toasted-Coconut Layer Cake,56.64 g,922.88 g,203.66 g
Amazing Apple Tart,13.39 g,175.6 g,55.28 g
Mozzarella in Carrozza with Sun-Dried Tomato and Roasted Red Pepper Jam,58.61 g,232.13 g,93.34 g
Curry Potato Salad,34.92 g,205.47 g,119.76 g
"Chicken Curry with Bananas, Raisins, and Peanuts recipes",114.85 g,122.56 g,157.97 g
Bonnie’s Fish Stew,400.08 g,147.52 g,155.6 g
Cucumber Gazpacho with Shrimp Relish,79.47 g,53.8 g,31.92 g
Har Gow,73.27 g,143.16 g,38.56 g
"Halibut with Grapefruit, Parsley, Red Onion, and Shiitake Mushrooms recipes",137.2 g,67.4 g,323.06 g
Coffee Seafood Risotto,72.08 g,210.69 g,86.22 g
Salsa,10.75 g,50.01 g,4.15 g
Ground Beef Tacos with a Zesty Guacamole,154.56 g,209.25 g,265.7 g
Chocolate Covered Pears Poached in Mulled Wine,11.36 g,255.41 g,122.76 g
"Broccoli, Cheddar, and Ranch Chicken Calzones",83.38 g,16.85 g,102.3 g
Sara's Famous Sausage-Apple Gravy,98.23 g,96.41 g,184.67 g
Summer Tomato and Bell Pepper Soup,30.35 g,42.33 g,69.84 g
Almond-Thyme-Crusted Mahi Mahi with Lemon Chardonnay Sauce,33.78 g,27.43 g,28.67 g
Flank Steak with Tomatillo Salsa Verde,136.79 g,185.81 g,272.5 g
Taco Night,144.61 g,324.37 g,175.17 g
Coconut-Panko Shrimp With Orange-Glazed Sweet Potatoes,120.75 g,271.21 g,104.41 g
Fully-Loaded Cheesy Potato Soup with Gina's Spinach Salad,182.49 g,306.34 g,403.79 g
Squash Cheese Pie,112.04 g,79.92 g,118.34 g
Buffalo Chicken Sandwiches & Ranch,186.08 g,186.44 g,227.67 g
Strawberry And White Chocolate Passion Fruit Soups With Mixed Berry Muffins,86.53 g,606.03 g,390.41 g
Red Snapper Cocktail Recipe,1.64 g,8.71 g,0.61 g
Neely's Fish and Chips,215.31 g,470.7 g,621.31 g
Salmon & Crab Cakes,93.88 g,85.94 g,63.4 g
Maple Leaf Sazerac From Minetta Tavern,0.02 g,17.27 g,0.02 g
Triple cheese & aubergine lasagne,201.57 g,460.02 g,245.9 g
Squash & Sprout Orzo Salad With Ginger-Walnut Dressing,133.61 g,684.05 g,107.04 g
Man About Town,0.02 g,0.77 g,0.0 g
Family-Style Taco Night,226.45 g,173.83 g,190.15 g
Shrimp Cakes with Peach Jalapeno Relish,136.68 g,184.84 g,51.69 g
Potstickers with Spicy Dipping Sauce,111.69 g,463.15 g,85.39 g
Turkey Tetrazzini,78.39 g,131.57 g,21.1 g
Neely's Fried Zucchini,64.97 g,168.72 g,322.27 g
Salmon & Puy Lentil Salad With Olive Dressing,188.3 g,362.68 g,121.63 g
Bloody Mary,1.71 g,10.42 g,0.56 g
Thai Turkey Salad,67.43 g,50.79 g,79.95 g
Cardamom Blush Cocktail Recipe,0.11 g,23.24 g,0.07 g
Cobb Salad with Blue Cheese Dressing,290.22 g,160.03 g,596.29 g
Seafood Salad with Creamy Ginger Dressing,111.64 g,68.46 g,21.8 g
Zucchini Cheddar Hand Pies recipes,74.82 g,285.55 g,220.66 g
Crab Benedict,81.76 g,17.94 g,197.57 g
Southwestern Steak Pizza,95.55 g,137.54 g,116.04 g
L’Artusi’s Famous Mushroom Ragu With Fresh Garganelli,162.0 g,550.0 g,254.34 g
Gazpacho,32.28 g,118.15 g,127.5 g
Fresh Macaroni Salad,34.47 g,94.43 g,29.91 g
Orange-Hazelnut Dacquoise,65.0 g,445.9 g,190.77 g
Joanie's Moules Ravigote,116.41 g,78.57 g,134.81 g
Vegetarian Banh Mi,99.62 g,305.36 g,266.51 g
Carrot Cake Gelly Shots,31.96 g,155.41 g,22.11 g
Lentil-Red Pepper Salad,42.98 g,129.67 g,3.98 g
My children love beet salad!,20.11 g,92.55 g,50.04 g
"Farro, Golden Beet, and Feta Salad with Pecans and Chive-Sage Dressing",40.66 g,186.3 g,111.8 g
Off the Cuff Turmeric Risotto,50.28 g,319.5 g,14.67 g
Berry-Mandarin Tossed Salad,34.25 g,196.26 g,140.0 g
Spaghetti & Meatballs,154.9 g,167.71 g,105.1 g
Mushroom and Bell Pepper Chicken with Linguine,222.08 g,290.21 g,110.97 g
Cardamom Blush Cocktail recipes,0.11 g,23.24 g,0.07 g
Suzhou-Style Mooncakes,93.64 g,288.31 g,151.0 g
Braised Coconut Spinach with Chickpeas and Lemon Recipe,63.68 g,218.05 g,109.19 g
Baked French Toast Casserole,130.39 g,774.89 g,403.71 g
Grilled Vegetable Sandwiches,51.19 g,205.38 g,82.67 g
Homemade ranch with iceberg wedge,15.77 g,43.1 g,205.37 g
Gougères recipes,219.81 g,200.28 g,302.05 g
Hungarian Sour Cherry Soup (Meggyleves),27.96 g,180.99 g,120.39 g
Summer Melon Salad,20.76 g,50.15 g,44.85 g
Old-Fashioned Caramel Layer Cake,61.21 g,1019.34 g,105.84 g
Caesar Salad With Red Romaine,92.98 g,117.64 g,161.31 g
Orange Sweet Rolls,85.62 g,1314.61 g,276.55 g
Chicken with Green Olives,183.41 g,432.21 g,140.98 g
Curried Squash Soup,37.22 g,144.41 g,69.73 g
Chicken & Cornmeal Dumplings,86.0 g,105.24 g,80.77 g
Asian Stir Fried String Beans with Pork,49.65 g,47.34 g,78.72 g
Zombie Punch Recipe,0.25 g,89.85 g,0.06 g
Raw Veggies with Chipotle Ranch Dressing,32.63 g,217.23 g,207.25 g
Mini Black Jack Burgers,190.75 g,205.38 g,158.75 g
Time for a Drink: Bloody Mary Recipe,1.03 g,5.12 g,0.37 g
Caesar Salad Le Cirque recipes,96.12 g,98.43 g,353.39 g
Preserved Lime Tabbouleh Salad,50.82 g,235.1 g,57.13 g
Quick-Marinated Cherry Tomato Salad recipes,242.97 g,618.82 g,571.91 g
Broiled Marinated Skirt Steak with Cilantro and Preserved Lemon Gremolata,92.32 g,12.71 g,65.46 g
Pumpkin Polenta Recipe With Tomatillo-Avocado Salsa,25.55 g,215.41 g,94.48 g
"Chicken, Spring Pea and Farro Risotto with Lemon",77.06 g,66.69 g,32.36 g
3-Bean Chili,114.28 g,422.73 g,65.73 g
"Sweet Potato, Orange and Ginger Cream Soup with Crispy Sweet Potatoes and Chilli Flakes",40.58 g,294.06 g,77.81 g
Plum Galette With A Whole-Wheat Crust,31.79 g,313.9 g,101.44 g
Shrimpylicious Egg Rolls,41.58 g,173.55 g,77.57 g
Cheesecake Factory's Fresh Banana Cream Cheesecake recipes,120.61 g,762.65 g,686.38 g
Garlic Chicken Lasagna,316.09 g,434.39 g,311.08 g
Cockerel in Riesling Mushroom Sauce with Ribbon Noodles,256.12 g,196.68 g,656.17 g
Pepper Confetti Macaroni and Cheese,102.48 g,341.31 g,64.1 g
Corn and Crab Cakes,68.03 g,89.88 g,110.77 g
Melty Chocolate-Stuffed French Toast with Lemon-Orange Syrup,105.45 g,422.23 g,98.8 g
Potato-Butternut Gratin With Poblano Béchamel,74.93 g,191.52 g,90.82 g
Italian Tomato Tart,70.67 g,300.07 g,63.38 g
Arugula Salad with Shrimp and Grapes,59.82 g,74.45 g,23.0 g
Myrtle's Meatball Recipe,230.47 g,120.48 g,108.19 g
Crab Cakes,105.56 g,79.67 g,46.01 g
Buffalo Shrimp Salad with Spicy Pita Croutons,23.61 g,44.49 g,29.27 g
Bean Cabbage Soup,21.49 g,58.32 g,8.68 g
"Polenta With Winter Salad, Poached Egg, and Blue Cheese From 'Feast'",62.66 g,135.6 g,128.75 g
Fall Lasagna with Pumpkin and Italian Sausage,163.02 g,270.26 g,336.19 g
Chicken Taco Salad,111.69 g,182.51 g,124.41 g
Fireside Fajitas,149.74 g,251.38 g,58.06 g
Chocolate Raspberry Tart with White Chocolate Cream,50.95 g,337.64 g,101.7 g
Mita Mary,2.09 g,15.26 g,4.68 g
"Harvest pie with swiss chard, cheese, orange zest and fennel",289.73 g,1088.52 g,263.99 g
Classic Lasagna,345.28 g,521.73 g,260.35 g
Parchment-Roasted Cornish Game Hens with Maple Root Vegetables,248.55 g,275.74 g,282.54 g
Time for a Drink: Cocktail à la Louisiane Recipe,0.04 g,7.45 g,0.06 g
Improved Negroni,3.51 g,56.44 g,0.72 g
Loaded Nachos,145.11 g,165.79 g,212.25 g
Lemon Asparagus Penne,94.29 g,269.41 g,81.81 g
"Saffron Couscous with Roast Autumn Vegetables, Pecans, Cranberries and Figs",54.88 g,301.31 g,134.71 g
City of Lights Salad Nicoise,125.33 g,208.46 g,112.92 g
Braised Pork Belly Sandwich with Pesto Mayo,196.72 g,279.07 g,713.11 g
Spicy Vegetable Bake,80.5 g,154.94 g,117.4 g
Pluot Galettes with Apple Mint and Calvados-Laced Whipped Cream,56.7 g,634.09 g,258.15 g
Denis Leary's Zesty Baked Chicken Wings,160.74 g,149.65 g,152.85 g
Seelbach Cocktail Recipe,0.1 g,3.71 g,0.0 g
Improved Scotch Cocktail Recipe,0.0 g,3.73 g,0.01 g
Spicy Chicken and Butternut Squash Tortilla Soup,168.64 g,192.95 g,179.09 g
Song of Songs Cocktail,0.0 g,17.47 g,0.01 g
Jazzed Up Turkey Tetrazzini,517.47 g,575.58 g,377.75 g
Manhattan Cocktail Recipe,0.02 g,0.83 g,0.0 g
Ratatouille Galette,63.51 g,229.84 g,157.88 g
Tropical Gingerbread Cake,58.73 g,700.8 g,138.0 g
Southern Grits And Greens Casserole,79.85 g,166.58 g,135.26 g
Serious Salsa: (Not Exactly) My Uncle's Salsa Recipe,4.31 g,21.54 g,2.68 g
"Marinated zucchini noodles with tomato basil sauce, dried baby tomatoes + garlic portobello meatless balls",13.92 g,85.7 g,19.91 g
Big Mama's Nacho Dip,135.46 g,118.26 g,161.92 g
Dumplings: those little Humpty-Dumptys,111.1 g,457.42 g,92.58 g
Class Act,1.63 g,7.6 g,0.04 g
Crafty Crescent Lasagna,202.59 g,298.24 g,188.17 g
Homemade Turkey Alphabet Soup,1190.35 g,49.13 g,297.45 g
Lighter Beef Stroganoff,112.22 g,82.68 g,101.61 g
Sweet Chile Pork over Cumin Beans and Cilantro Rice,407.45 g,881.0 g,145.87 g
The Ultimate Ketel One Blood Mary,1.35 g,9.04 g,0.41 g
Marinated Portobello Stuffed Whole Chicken with Roasted Sweet Potatoes and Red Onion,187.41 g,123.19 g,389.06 g
"Broiled Fish with Maple Glaze, Braised Fennel, and Sautéed Chard Recipe",66.0 g,75.9 g,40.88 g
Shrimp Bisque,95.65 g,85.82 g,28.44 g
Fresh Tomato Bloody Mary with Garden Herbs and Celery Bitters recipes,8.38 g,38.04 g,2.26 g
"Beets, Tahini, Flatbread + Lentils",98.37 g,354.82 g,75.16 g
asian ginger & soy coleslaw salad,34.06 g,170.14 g,176.45 g
Pumpkin Chutney,14.38 g,349.29 g,30.28 g
The Outcider from Prime Meats Recipe,2.13 g,58.24 g,0.7 g
In A Jiffy Spelt Veggie Burgers recipes,41.05 g,169.73 g,16.48 g
Best Ever Turkey Chili,135.54 g,135.43 g,67.71 g
Caesar Salad Le Cirque Recipe,96.11 g,98.41 g,353.39 g
Lillet of the Valley Recipe,0.42 g,14.98 g,0.15 g
Cinnamon Rolls,163.98 g,2450.17 g,709.82 g
Crab Cakes,105.82 g,81.28 g,46.09 g
Southern BBQ Pork Bowls,361.44 g,143.36 g,280.07 g
Pork Stew,250.91 g,128.52 g,216.81 g
Shrimp Hushpuppies with Vidalia Onion Dip,111.36 g,286.42 g,549.88 g
Potato Spinach Sausage Casserole,93.44 g,164.59 g,165.22 g
Caesar Salad,61.36 g,94.97 g,126.22 g
New England Fish Chowder,209.48 g,117.08 g,163.87 g
"Old-Fashioned Fans, Meet The American Trilogy recipes",0.0 g,4.26 g,0.0 g
Lean Lasagna,194.53 g,435.09 g,78.18 g
Classic Hot Wings,152.04 g,8.53 g,312.86 g
Pumpkin Cheesecake With Bourbon-Spiked Cream,143.68 g,698.64 g,727.58 g
Pumpkin Gingersnap Cheesecake with Salted Caramel Sauce,93.08 g,887.87 g,519.63 g
Cognac Sparklers recipes,0.25 g,28.02 g,0.32 g
Fish Chowder,209.48 g,117.08 g,163.87 g
Smoked Pork Ribs,413.24 g,73.34 g,609.09 g
"Grilled Salmon & Cucumber, Fresh Herb & Feta Salad",157.58 g,50.82 g,149.36 g
Grilled Chicken Banh-Mi with Pickled Vegetables and Sriracha Mayo,118.37 g,215.29 g,102.24 g
Meatball Stroganoff,113.71 g,186.13 g,108.46 g
Mango and Quinoa Chopped Salad with Ancho-Mango Dressing,75.39 g,362.92 g,18.19 g
Spinach & Feta Squash Quiche,53.45 g,54.58 g,61.72 g
Pomegranate Americano Recipe,0.09 g,7.44 g,0.16 g
Fresh Ginger Cake with Candied Citrus Glaze,65.37 g,787.82 g,181.09 g
Bloody Mary recipes,1.2 g,6.82 g,0.43 g
Pimento Cheese Sandwiches,137.16 g,27.73 g,516.8 g
Black Bean and Mushroom Vegetarian Meatless Balls,94.86 g,274.81 g,39.33 g
Manhattan,0.03 g,2.95 g,0.01 g
Neelys Egg Benedict on a Pork Croquette,165.34 g,209.29 g,431.44 g
No Man's Land,0.05 g,15.26 g,0.03 g
Brown Butter-Sunchoke Soup With Brussels Sprouts and Bacon Recipe,85.2 g,288.14 g,137.15 g
Make-Your-Own-Salad,141.98 g,123.18 g,323.5 g
Luis Buñuel Dry Martini,0.01 g,0.39 g,0.0 g
Cornflake Semi-Fried Chicken Tenders,155.38 g,239.88 g,260.84 g
Emeril's Classic Manhattan,0.02 g,0.83 g,0.0 g
Mango and Quinoa Chopped Salad with Ancho-Mango Dressing,75.39 g,362.92 g,18.19 g
Spinach & Feta Squash Quiche,53.45 g,54.58 g,61.72 g
Pomegranate Americano Recipe,0.09 g,7.44 g,0.16 g
Fresh Ginger Cake with Candied Citrus Glaze,65.37 g,787.82 g,181.09 g
Bloody Mary recipes,1.2 g,6.82 g,0.43 g
Pimento Cheese Sandwiches,137.16 g,27.73 g,516.8 g
Black Bean and Mushroom Vegetarian Meatless Balls,94.86 g,274.81 g,39.33 g
Manhattan,0.03 g,2.95 g,0.01 g
Neelys Egg Benedict on a Pork Croquette,165.34 g,209.29 g,431.44 g
No Man's Land,0.05 g,15.26 g,0.03 g
Brown Butter-Sunchoke Soup With Brussels Sprouts and Bacon Recipe,85.2 g,288.14 g,137.15 g
Make-Your-Own-Salad,141.98 g,123.18 g,323.5 g
Luis Buñuel Dry Martini,0.01 g,0.39 g,0.0 g
Cornflake Semi-Fried Chicken Tenders,155.38 g,239.88 g,260.84 g
Emeril's Classic Manhattan,0.02 g,0.83 g,0.0 g
